<?xml version="1.0" encoding="UTF-8"?>
<COLLADA xmlns="http://www.collada.org/2005/11/COLLADASchema" version="1.4.1">
	<asset>
		<contributor>
			<author>Dedric Mauriac</author>
			<authoring_tool>Firestorm-Releasex64 6.6.17.70368</authoring_tool>
		</contributor>
		<created>2024-04-11T04:39:52</created>
		<modified>2024-04-11T04:39:52</modified>
		<unit/>
		<up_axis>Z_UP</up_axis>
	</asset>
	<library_images/>
	<library_geometries>
		<geometry id="prim0-mesh">
			<mesh>
				<source id="prim0-positions">
					<float_array id="prim0-positions-array" count="3267">-0.00196075 -0.00196075 -0.445098 -0.00196075 -0.00196075 -0.445098 -0.00196075 -0.00196075 -0.445098 -0.00196075 -0.00196075 -0.445098 -0.00196075 -0.00196075 -0.445098 -0.00196075 -0.00196075 -0.445098 -0.00196075 -0.00196075 -0.445098 -0.00196075 -0.00196075 -0.445098 -0.00196075 -0.00196075 -0.445098 -0.00196075 -0.00196075 -0.445098 -0.00196075 -0.00196075 -0.445098 -0.00196075 -0.00196075 -0.445098 -0.00196075 -0.00196075 -0.445098 -0.00196075 -0.00196075 -0.445098 -0.00196075 -0.00196075 -0.445098 -0.00196075 -0.00196075 -0.445098 -0.00196075 -0.00196075 -0.445098 -0.00196075 -0.00196075 -0.445098 -0.00196075 -0.00196075 -0.445098 -0.00196075 -0.00196075 -0.445098 -0.00196075 -0.00196075 -0.445098 -0.00196075 -0.00196075 -0.445098 -0.00196075 -0.00196075 -0.445098 -0.00196075 -0.00196075 -0.445098 -0.00196075 -0.00196075 -0.445098 -0.00196075 -0.00196075 -0.445098 -0.00196075 -0.00196075 -0.445098 -0.00196075 -0.00196075 -0.445098 -0.00196075 -0.00196075 -0.445098 -0.00196075 -0.00196075 -0.445098 -0.00196075 -0.00196075 -0.445098 -0.00196075 -0.00196075 -0.445098 -0.00196075 -0.00196075 -0.445098 0.0176471 -0.00196075 -0.433333 0.0176471 0.00196081 -0.433333 0.0176471 0.00588238 -0.433333 0.0137255 0.00980395 -0.433333 0.0137255 0.0137255 -0.433333 0.00980395 0.0137255 -0.433333 0.00588238 0.0176471 -0.433333 0.00196081 0.0176471 -0.433333 -0.00196075 0.0176471 -0.433333 -0.00588232 0.0176471 -0.433333 -0.00980389 0.0176471 -0.433333 -0.0137255 0.0137255 -0.433333 -0.017647 0.0137255 -0.433333 -0.017647 0.00980395 -0.433333 -0.0215686 0.00588238 -0.433333 -0.0215686 0.00196081 -0.433333 -0.0215686 -0.00196075 -0.433333 -0.0215686 -0.00588232 -0.433333 -0.0215686 -0.00980389 -0.433333 -0.017647 -0.0137255 -0.433333 -0.017647 -0.017647 -0.433333 -0.0137255 -0.017647 -0.433333 -0.00980389 -0.0215686 -0.433333 -0.00588232 -0.0215686 -0.433333 -0.00196075 -0.0215686 -0.433333 0.00196081 -0.0215686 -0.433333 0.00588238 -0.0215686 -0.433333 0.00980395 -0.017647 -0.433333 0.0137255 -0.017647 -0.433333 0.0137255 -0.0137255 -0.433333 0.0176471 -0.00980389 -0.433333 0.0176471 -0.00588232 -0.433333 0.0176471 -0.00196075 -0.433333 0.0294118 -0.00196075 -0.417647 0.0294118 0.00588238 -0.417647 0.0254902 0.00980395 -0.417647 0.0254902 0.0137255 -0.417647 0.0215687 0.0215687 -0.417647 0.0137255 0.0254902 -0.417647 0.00980395 0.0254902 -0.417647 0.00588238 0.0294118 -0.417647 -0.00196075 0.0294118 -0.417647 -0.00980389 0.0294118 -0.417647 -0.0137255 0.0254902 -0.417647 -0.017647 0.0254902 -0.417647 -0.0254902 0.0215687 -0.417647 -0.0294117 0.0137255 -0.417647 -0.0294117 0.00980395 -0.417647 -0.0333333 0.00588238 -0.417647 -0.0333333 -0.00196075 -0.417647 -0.0333333 -0.00980389 -0.417647 -0.0294117 -0.0137255 -0.417647 -0.0294117 -0.017647 -0.417647 -0.0254902 -0.0254902 -0.417647 -0.017647 -0.0294117 -0.417647 -0.0137255 -0.0294117 -0.417647 -0.00980389 -0.0333333 -0.417647 -0.00196075 -0.0333333 -0.417647 0.00588238 -0.0333333 -0.417647 0.00980395 -0.0294117 -0.417647 0.0137255 -0.0294117 -0.417647 0.0215687 -0.0254902 -0.417647 0.0254902 -0.017647 -0.417647 0.0254902 -0.0137255 -0.417647 0.0294118 -0.00980389 -0.417647 0.0294118 -0.00196075 -0.417647 0.0411765 -0.00196075 -0.398039 0.0411765 0.00588238 -0.398039 0.0372549 0.0137255 -0.398039 0.0333334 0.0215687 -0.398039 0.0294118 0.0294118 -0.398039 0.0215687 0.0333334 -0.398039 0.0137255 0.0372549 -0.398039 0.00588238 0.0411765 -0.398039 -0.00196075 0.0411765 -0.398039 -0.00980389 0.0411765 -0.398039 -0.017647 0.0372549 -0.398039 -0.0254902 0.0333334 -0.398039 -0.0333333 0.0294118 -0.398039 -0.0372549 0.0215687 -0.398039 -0.0411764 0.0137255 -0.398039 -0.045098 0.00588238 -0.398039 -0.045098 -0.00196075 -0.398039 -0.045098 -0.00980389 -0.398039 -0.0411764 -0.017647 -0.398039 -0.0372549 -0.0254902 -0.398039 -0.0333333 -0.0333333 -0.398039 -0.0254902 -0.0372549 -0.398039 -0.017647 -0.0411764 -0.398039 -0.00980389 -0.045098 -0.398039 -0.00196075 -0.045098 -0.398039 0.00588238 -0.045098 -0.398039 0.0137255 -0.0411764 -0.398039 0.0215687 -0.0372549 -0.398039 0.0294118 -0.0333333 -0.398039 0.0333334 -0.0254902 -0.398039 0.0372549 -0.017647 -0.398039 0.0411765 -0.00980389 -0.398039 0.0411765 -0.00196075 -0.398039 0.0333334 -0.00196075 -0.366667 0.0333334 0.00588238 -0.366667 0.0294118 0.00980395 -0.366667 0.0254902 0.0176471 -0.366667 0.0215687 0.0215687 -0.366667 0.0176471 0.0254902 -0.366667 0.00980395 0.0294118 -0.366667 0.00588238 0.0333334 -0.366667 -0.00196075 0.0333334 -0.366667 -0.00980389 0.0333334 -0.366667 -0.0137255 0.0294118 -0.366667 -0.0215686 0.0254902 -0.366667 -0.0254902 0.0215687 -0.366667 -0.0294117 0.0176471 -0.366667 -0.0333333 0.00980395 -0.366667 -0.0372549 0.00588238 -0.366667 -0.0372549 -0.00196075 -0.366667 -0.0372549 -0.00980389 -0.366667 -0.0333333 -0.0137255 -0.366667 -0.0294117 -0.0215686 -0.366667 -0.0254902 -0.0254902 -0.366667 -0.0215686 -0.0294117 -0.366667 -0.0137255 -0.0333333 -0.366667 -0.00980389 -0.0372549 -0.366667 -0.00196075 -0.0372549 -0.366667 0.00588238 -0.0372549 -0.366667 0.00980395 -0.0333333 -0.366667 0.0176471 -0.0294117 -0.366667 0.0215687 -0.0254902 -0.366667 0.0254902 -0.0215686 -0.366667 0.0294118 -0.0137255 -0.366667 0.0333334 -0.00980389 -0.366667 0.0333334 -0.00196075 -0.366667 0.0333334 -0.00196075 -0.339216 0.0333334 0.00588238 -0.339216 0.0294118 0.00980395 -0.339216 0.0254902 0.0176471 -0.339216 0.0215687 0.0215687 -0.339216 0.0176471 0.0254902 -0.339216 0.00980395 0.0294118 -0.339216 0.00588238 0.0333334 -0.339216 -0.00196075 0.0333334 -0.339216 -0.00980389 0.0333334 -0.339216 -0.0137255 0.0294118 -0.339216 -0.0215686 0.0254902 -0.339216 -0.0254902 0.0215687 -0.339216 -0.0294117 0.0176471 -0.339216 -0.0333333 0.00980395 -0.339216 -0.0372549 0.00588238 -0.339216 -0.0372549 -0.00196075 -0.339216 -0.0372549 -0.00980389 -0.339216 -0.0333333 -0.0137255 -0.339216 -0.0294117 -0.0215686 -0.339216 -0.0254902 -0.0254902 -0.339216 -0.0215686 -0.0294117 -0.339216 -0.0137255 -0.0333333 -0.339216 -0.00980389 -0.0372549 -0.339216 -0.00196075 -0.0372549 -0.339216 0.00588238 -0.0372549 -0.339216 0.00980395 -0.0333333 -0.339216 0.0176471 -0.0294117 -0.339216 0.0215687 -0.0254902 -0.339216 0.0254902 -0.0215686 -0.339216 0.0294118 -0.0137255 -0.339216 0.0333334 -0.00980389 -0.339216 0.0333334 -0.00196075 -0.339216 0.0529412 -0.00196075 -0.311765 0.0529412 0.00980395 -0.311765 0.0490196 0.0176471 -0.311765 0.0450981 0.0294118 -0.311765 0.0372549 0.0372549 -0.311765 0.0294118 0.0450981 -0.311765 0.0176471 0.0490196 -0.311765 0.00980395 0.0529412 -0.311765 -0.00196075 0.0529412 -0.311765 -0.0137255 0.0529412 -0.311765 -0.0215686 0.0490196 -0.311765 -0.0333333 0.0450981 -0.311765 -0.0411764 0.0372549 -0.311765 -0.0490196 0.0294118 -0.311765 -0.0529411 0.0176471 -0.311765 -0.0568627 0.00980395 -0.311765 -0.0568627 -0.00196075 -0.311765 -0.0568627 -0.0137255 -0.311765 -0.0529411 -0.0215686 -0.311765 -0.0490196 -0.0333333 -0.311765 -0.0411764 -0.0411764 -0.311765 -0.0333333 -0.0490196 -0.311765 -0.0215686 -0.0529411 -0.311765 -0.0137255 -0.0568627 -0.311765 -0.00196075 -0.0568627 -0.311765 0.00980395 -0.0568627 -0.311765 0.0176471 -0.0529411 -0.311765 0.0294118 -0.0490196 -0.311765 0.0372549 -0.0411764 -0.311765 0.0450981 -0.0333333 -0.311765 0.0490196 -0.0215686 -0.311765 0.0529412 -0.0137255 -0.311765 0.0529412 -0.00196075 -0.311765 0.0843138 -0.00196075 -0.292157 0.0843138 0.0137255 -0.292157 0.0764706 0.0294118 -0.292157 0.0686275 0.0450981 -0.292157 0.0607843 0.0607843 -0.292157 0.0450981 0.0686275 -0.292157 0.0294118 0.0764706 -0.292157 0.0137255 0.0843138 -0.292157 -0.00196075 0.0843138 -0.292157 -0.017647 0.0843138 -0.292157 -0.0333333 0.0764706 -0.292157 -0.0490196 0.0686275 -0.292157 -0.0647058 0.0607843 -0.292157 -0.072549 0.0450981 -0.292157 -0.0803921 0.0294118 -0.292157 -0.0882353 0.0137255 -0.292157 -0.0882353 -0.00196075 -0.292157 -0.0882353 -0.017647 -0.292157 -0.0803921 -0.0333333 -0.292157 -0.072549 -0.0490196 -0.292157 -0.0647058 -0.0647058 -0.292157 -0.0490196 -0.072549 -0.292157 -0.0333333 -0.0803921 -0.292157 -0.017647 -0.0882353 -0.292157 -0.00196075 -0.0882353 -0.292157 0.0137255 -0.0882353 -0.292157 0.0294118 -0.0803921 -0.292157 0.0450981 -0.072549 -0.292157 0.0607843 -0.0647058 -0.292157 0.0686275 -0.0490196 -0.292157 0.0764706 -0.0333333 -0.292157 0.0843138 -0.017647 -0.292157 0.0843138 -0.00196075 -0.292157 0.123529 -0.00196075 -0.24902 0.119608 0.0215687 -0.24902 0.115686 0.0450981 -0.24902 0.103922 0.0686275 -0.24902 0.0882353 0.0882353 -0.24902 0.0686275 0.103922 -0.24902 0.0450981 0.115686 -0.24902 0.0215687 0.119608 -0.24902 -0.00196075 0.123529 -0.24902 -0.0254902 0.119608 -0.24902 -0.0490196 0.115686 -0.24902 -0.072549 0.103922 -0.24902 -0.0921568 0.0882353 -0.24902 -0.107843 0.0686275 -0.24902 -0.119608 0.0450981 -0.24902 -0.123529 0.0215687 -0.24902 -0.127451 -0.00196075 -0.24902 -0.123529 -0.0254902 -0.24902 -0.119608 -0.0490196 -0.24902 -0.107843 -0.072549 -0.24902 -0.0921568 -0.0921568 -0.24902 -0.072549 -0.107843 -0.24902 -0.0490196 -0.119608 -0.24902 -0.0254902 -0.123529 -0.24902 -0.00196075 -0.127451 -0.24902 0.0215687 -0.123529 -0.24902 0.0450981 -0.119608 -0.24902 0.0686275 -0.107843 -0.24902 0.0882353 -0.0921568 -0.24902 0.103922 -0.072549 -0.24902 0.115686 -0.0490196 -0.24902 0.119608 -0.0254902 -0.24902 0.123529 -0.00196075 -0.24902 0.154902 -0.00196075 -0.213725 0.15098 0.0294118 -0.213725 0.143137 0.0568628 -0.213725 0.127451 0.0843138 -0.213725 0.107843 0.107843 -0.213725 0.0843138 0.127451 -0.213725 0.0568628 0.143137 -0.213725 0.0294118 0.15098 -0.213725 -0.00196075 0.154902 -0.213725 -0.0333333 0.15098 -0.213725 -0.0607843 0.143137 -0.213725 -0.0882353 0.127451 -0.213725 -0.111765 0.107843 -0.213725 -0.131373 0.0843138 -0.213725 -0.147059 0.0568628 -0.213725 -0.154902 0.0294118 -0.213725 -0.158824 -0.00196075 -0.213725 -0.154902 -0.0333333 -0.213725 -0.147059 -0.0607843 -0.213725 -0.131373 -0.0882353 -0.213725 -0.111765 -0.111765 -0.213725 -0.0882353 -0.131373 -0.213725 -0.0607843 -0.147059 -0.213725 -0.0333333 -0.154902 -0.213725 -0.00196075 -0.158824 -0.213725 0.0294118 -0.154902 -0.213725 0.0568628 -0.147059 -0.213725 0.0843138 -0.131373 -0.213725 0.107843 -0.111765 -0.213725 0.127451 -0.0882353 -0.213725 0.143137 -0.0607843 -0.213725 0.15098 -0.0333333 -0.213725 0.154902 -0.00196075 -0.213725 0.221569 -0.00196075 -0.170588 0.217647 0.0411765 -0.170588 0.205882 0.0843138 -0.170588 0.182353 0.123529 -0.170588 0.154902 0.154902 -0.170588 0.123529 0.182353 -0.170588 0.0843138 0.205882 -0.170588 0.0411765 0.217647 -0.170588 -0.00196075 0.221569 -0.170588 -0.045098 0.217647 -0.170588 -0.0882353 0.205882 -0.170588 -0.127451 0.182353 -0.170588 -0.158824 0.154902 -0.170588 -0.186274 0.123529 -0.170588 -0.209804 0.0843138 -0.170588 -0.221569 0.0411765 -0.170588 -0.22549 -0.00196075 -0.170588 -0.221569 -0.045098 -0.170588 -0.209804 -0.0882353 -0.170588 -0.186274 -0.127451 -0.170588 -0.158824 -0.158824 -0.170588 -0.127451 -0.186274 -0.170588 -0.0882353 -0.209804 -0.170588 -0.045098 -0.221569 -0.170588 -0.00196075 -0.22549 -0.170588 0.0411765 -0.221569 -0.170588 0.0843138 -0.209804 -0.170588 0.123529 -0.186274 -0.170588 0.154902 -0.158824 -0.170588 0.182353 -0.127451 -0.170588 0.205882 -0.0882353 -0.170588 0.217647 -0.045098 -0.170588 0.221569 -0.00196075 -0.170588 0.233333 -0.00196075 -0.135294 0.229412 0.0450981 -0.135294 0.213726 0.0882353 -0.135294 0.194118 0.127451 -0.135294 0.162745 0.162745 -0.135294 0.127451 0.194118 -0.135294 0.0882353 0.213726 -0.135294 0.0450981 0.229412 -0.135294 -0.00196075 0.233333 -0.135294 -0.0490196 0.229412 -0.135294 -0.0921568 0.213726 -0.135294 -0.131373 0.194118 -0.135294 -0.166667 0.162745 -0.135294 -0.198039 0.127451 -0.135294 -0.217647 0.0882353 -0.135294 -0.233333 0.0450981 -0.135294 -0.237255 -0.00196075 -0.135294 -0.233333 -0.0490196 -0.135294 -0.217647 -0.0921568 -0.135294 -0.198039 -0.131373 -0.135294 -0.166667 -0.166667 -0.135294 -0.131373 -0.198039 -0.135294 -0.0921568 -0.217647 -0.135294 -0.0490196 -0.233333 -0.135294 -0.00196075 -0.237255 -0.135294 0.0450981 -0.233333 -0.135294 0.0882353 -0.217647 -0.135294 0.127451 -0.198039 -0.135294 0.162745 -0.166667 -0.135294 0.194118 -0.131373 -0.135294 0.213726 -0.0921568 -0.135294 0.229412 -0.0490196 -0.135294 0.233333 -0.00196075 -0.135294 0.221569 -0.00196075 -0.103922 0.217647 0.0411765 -0.103922 0.205882 0.0843138 -0.103922 0.182353 0.123529 -0.103922 0.154902 0.154902 -0.103922 0.123529 0.182353 -0.103922 0.0843138 0.205882 -0.103922 0.0411765 0.217647 -0.103922 -0.00196075 0.221569 -0.103922 -0.045098 0.217647 -0.103922 -0.0882353 0.205882 -0.103922 -0.127451 0.182353 -0.103922 -0.158824 0.154902 -0.103922 -0.186274 0.123529 -0.103922 -0.209804 0.0843138 -0.103922 -0.221569 0.0411765 -0.103922 -0.22549 -0.00196075 -0.103922 -0.221569 -0.045098 -0.103922 -0.209804 -0.0882353 -0.103922 -0.186274 -0.127451 -0.103922 -0.158824 -0.158824 -0.103922 -0.127451 -0.186274 -0.103922 -0.0882353 -0.209804 -0.103922 -0.045098 -0.221569 -0.103922 -0.00196075 -0.22549 -0.103922 0.0411765 -0.221569 -0.103922 0.0843138 -0.209804 -0.103922 0.123529 -0.186274 -0.103922 0.154902 -0.158824 -0.103922 0.182353 -0.127451 -0.103922 0.205882 -0.0882353 -0.103922 0.217647 -0.045098 -0.103922 0.221569 -0.00196075 -0.103922 0.198039 -0.00196075 -0.0803921 0.194118 0.0372549 -0.0803921 0.182353 0.0764706 -0.0803921 0.162745 0.107843 -0.0803921 0.139216 0.139216 -0.0803921 0.107843 0.162745 -0.0803921 0.0764706 0.182353 -0.0803921 0.0372549 0.194118 -0.0803921 -0.00196075 0.198039 -0.0803921 -0.0411764 0.194118 -0.0803921 -0.0803921 0.182353 -0.0803921 -0.111765 0.162745 -0.0803921 -0.143137 0.139216 -0.0803921 -0.166667 0.107843 -0.0803921 -0.186274 0.0764706 -0.0803921 -0.198039 0.0372549 -0.0803921 -0.201961 -0.00196075 -0.0803921 -0.198039 -0.0411764 -0.0803921 -0.186274 -0.0803921 -0.0803921 -0.166667 -0.111765 -0.0803921 -0.143137 -0.143137 -0.0803921 -0.111765 -0.166667 -0.0803921 -0.0803921 -0.186274 -0.0803921 -0.0411764 -0.198039 -0.0803921 -0.00196075 -0.201961 -0.0803921 0.0372549 -0.198039 -0.0803921 0.0764706 -0.186274 -0.0803921 0.107843 -0.166667 -0.0803921 0.139216 -0.143137 -0.0803921 0.162745 -0.111765 -0.0803921 0.182353 -0.0803921 -0.0803921 0.194118 -0.0411764 -0.0803921 0.198039 -0.00196075 -0.0803921 0.201961 -0.00196075 -0.0490196 0.198039 0.0372549 -0.0490196 0.186275 0.0764706 -0.0490196 0.166667 0.111765 -0.0490196 0.143137 0.143137 -0.0490196 0.111765 0.166667 -0.0490196 0.0764706 0.186275 -0.0490196 0.0372549 0.198039 -0.0490196 -0.00196075 0.201961 -0.0490196 -0.0411764 0.198039 -0.0490196 -0.0803921 0.186275 -0.0490196 -0.115686 0.166667 -0.0490196 -0.147059 0.143137 -0.0490196 -0.170588 0.111765 -0.0490196 -0.190196 0.0764706 -0.0490196 -0.201961 0.0372549 -0.0490196 -0.205882 -0.00196075 -0.0490196 -0.201961 -0.0411764 -0.0490196 -0.190196 -0.0803921 -0.0490196 -0.170588 -0.115686 -0.0490196 -0.147059 -0.147059 -0.0490196 -0.115686 -0.170588 -0.0490196 -0.0803921 -0.190196 -0.0490196 -0.0411764 -0.201961 -0.0490196 -0.00196075 -0.205882 -0.0490196 0.0372549 -0.201961 -0.0490196 0.0764706 -0.190196 -0.0490196 0.111765 -0.170588 -0.0490196 0.143137 -0.147059 -0.0490196 0.166667 -0.115686 -0.0490196 0.186275 -0.0803921 -0.0490196 0.198039 -0.0411764 -0.0490196 0.201961 -0.00196075 -0.0490196 0.205882 -0.00196075 -0.017647 0.201961 0.0372549 -0.017647 0.190196 0.0764706 -0.017647 0.170588 0.111765 -0.017647 0.143137 0.143137 -0.017647 0.111765 0.170588 -0.017647 0.0764706 0.190196 -0.017647 0.0372549 0.201961 -0.017647 -0.00196075 0.205882 -0.017647 -0.0411764 0.201961 -0.017647 -0.0803921 0.190196 -0.017647 -0.115686 0.170588 -0.017647 -0.147059 0.143137 -0.017647 -0.17451 0.111765 -0.017647 -0.194118 0.0764706 -0.017647 -0.205882 0.0372549 -0.017647 -0.209804 -0.00196075 -0.017647 -0.205882 -0.0411764 -0.017647 -0.194118 -0.0803921 -0.017647 -0.17451 -0.115686 -0.017647 -0.147059 -0.147059 -0.017647 -0.115686 -0.17451 -0.017647 -0.0803921 -0.194118 -0.017647 -0.0411764 -0.205882 -0.017647 -0.00196075 -0.209804 -0.017647 0.0372549 -0.205882 -0.017647 0.0764706 -0.194118 -0.017647 0.111765 -0.17451 -0.017647 0.143137 -0.147059 -0.017647 0.170588 -0.115686 -0.017647 0.190196 -0.0803921 -0.017647 0.201961 -0.0411764 -0.017647 0.205882 -0.00196075 -0.017647 0.209804 -0.00196075 0.0137255 0.205882 0.0411765 0.0137255 0.194118 0.0803922 0.0137255 0.17451 0.115686 0.0137255 0.147059 0.147059 0.0137255 0.115686 0.17451 0.0137255 0.0803922 0.194118 0.0137255 0.0411765 0.205882 0.0137255 -0.00196075 0.209804 0.0137255 -0.045098 0.205882 0.0137255 -0.0843137 0.194118 0.0137255 -0.119608 0.17451 0.0137255 -0.15098 0.147059 0.0137255 -0.178431 0.115686 0.0137255 -0.198039 0.0803922 0.0137255 -0.209804 0.0411765 0.0137255 -0.213725 -0.00196075 0.0137255 -0.209804 -0.045098 0.0137255 -0.198039 -0.0843137 0.0137255 -0.178431 -0.119608 0.0137255 -0.15098 -0.15098 0.0137255 -0.119608 -0.178431 0.0137255 -0.0843137 -0.198039 0.0137255 -0.045098 -0.209804 0.0137255 -0.00196075 -0.213725 0.0137255 0.0411765 -0.209804 0.0137255 0.0803922 -0.198039 0.0137255 0.115686 -0.178431 0.0137255 0.147059 -0.15098 0.0137255 0.17451 -0.119608 0.0137255 0.194118 -0.0843137 0.0137255 0.205882 -0.045098 0.0137255 0.209804 -0.00196075 0.0137255 0.213726 -0.00196075 0.0450981 0.209804 0.0411765 0.0450981 0.198039 0.0803922 0.0450981 0.178431 0.119608 0.0450981 0.15098 0.15098 0.0450981 0.119608 0.178431 0.0450981 0.0803922 0.198039 0.0450981 0.0411765 0.209804 0.0450981 -0.00196075 0.213726 0.0450981 -0.045098 0.209804 0.0450981 -0.0843137 0.198039 0.0450981 -0.123529 0.178431 0.0450981 -0.154902 0.15098 0.0450981 -0.182353 0.119608 0.0450981 -0.201961 0.0803922 0.0450981 -0.213725 0.0411765 0.0450981 -0.217647 -0.00196075 0.0450981 -0.213725 -0.045098 0.0450981 -0.201961 -0.0843137 0.0450981 -0.182353 -0.123529 0.0450981 -0.154902 -0.154902 0.0450981 -0.123529 -0.182353 0.0450981 -0.0843137 -0.201961 0.0450981 -0.045098 -0.213725 0.0450981 -0.00196075 -0.217647 0.0450981 0.0411765 -0.213725 0.0450981 0.0803922 -0.201961 0.0450981 0.119608 -0.182353 0.0450981 0.15098 -0.154902 0.0450981 0.178431 -0.123529 0.0450981 0.198039 -0.0843137 0.0450981 0.209804 -0.045098 0.0450981 0.213726 -0.00196075 0.0450981 0.217647 -0.00196075 0.0764706 0.213726 0.0411765 0.0764706 0.201961 0.0803922 0.0764706 0.182353 0.119608 0.0764706 0.154902 0.154902 0.0764706 0.119608 0.182353 0.0764706 0.0803922 0.201961 0.0764706 0.0411765 0.213726 0.0764706 -0.00196075 0.217647 0.0764706 -0.045098 0.213726 0.0764706 -0.0843137 0.201961 0.0764706 -0.123529 0.182353 0.0764706 -0.158824 0.154902 0.0764706 -0.186274 0.119608 0.0764706 -0.205882 0.0803922 0.0764706 -0.217647 0.0411765 0.0764706 -0.221569 -0.00196075 0.0764706 -0.217647 -0.045098 0.0764706 -0.205882 -0.0843137 0.0764706 -0.186274 -0.123529 0.0764706 -0.158824 -0.158824 0.0764706 -0.123529 -0.186274 0.0764706 -0.0843137 -0.205882 0.0764706 -0.045098 -0.217647 0.0764706 -0.00196075 -0.221569 0.0764706 0.0411765 -0.217647 0.0764706 0.0803922 -0.205882 0.0764706 0.119608 -0.186274 0.0764706 0.154902 -0.158824 0.0764706 0.182353 -0.123529 0.0764706 0.201961 -0.0843137 0.0764706 0.213726 -0.045098 0.0764706 0.217647 -0.00196075 0.0764706 0.256863 -0.00196075 0.1 0.252941 0.0490196 0.1 0.237255 0.0960785 0.1 0.213726 0.143137 0.1 0.182353 0.182353 0.1 0.143137 0.213726 0.1 0.0960785 0.237255 0.1 0.0490196 0.252941 0.1 -0.00196075 0.256863 0.1 -0.0529411 0.252941 0.1 -0.1 0.237255 0.1 -0.147059 0.213726 0.1 -0.186274 0.182353 0.1 -0.217647 0.143137 0.1 -0.241176 0.0960785 0.1 -0.256863 0.0490196 0.1 -0.260784 -0.00196075 0.1 -0.256863 -0.0529411 0.1 -0.241176 -0.1 0.1 -0.217647 -0.147059 0.1 -0.186274 -0.186274 0.1 -0.147059 -0.217647 0.1 -0.1 -0.241176 0.1 -0.0529411 -0.256863 0.1 -0.00196075 -0.260784 0.1 0.0490196 -0.256863 0.1 0.0960785 -0.241176 0.1 0.143137 -0.217647 0.1 0.182353 -0.186274 0.1 0.213726 -0.147059 0.1 0.237255 -0.1 0.1 0.252941 -0.0529411 0.1 0.256863 -0.00196075 0.1 0.307843 -0.00196075 0.158824 0.3 0.0568628 0.158824 0.284314 0.115686 0.158824 0.256863 0.170588 0.158824 0.217647 0.217647 0.158824 0.170588 0.256863 0.158824 0.115686 0.284314 0.158824 0.0568628 0.3 0.158824 -0.00196075 0.307843 0.158824 -0.0607843 0.3 0.158824 -0.119608 0.284314 0.158824 -0.17451 0.256863 0.158824 -0.221569 0.217647 0.158824 -0.260784 0.170588 0.158824 -0.288235 0.115686 0.158824 -0.303922 0.0568628 0.158824 -0.311765 -0.00196075 0.158824 -0.303922 -0.0607843 0.158824 -0.288235 -0.119608 0.158824 -0.260784 -0.17451 0.158824 -0.221569 -0.221569 0.158824 -0.17451 -0.260784 0.158824 -0.119608 -0.288235 0.158824 -0.0607843 -0.303922 0.158824 -0.00196075 -0.311765 0.158824 0.0568628 -0.303922 0.158824 0.115686 -0.288235 0.158824 0.170588 -0.260784 0.158824 0.217647 -0.221569 0.158824 0.256863 -0.17451 0.158824 0.284314 -0.119608 0.158824 0.3 -0.0607843 0.158824 0.307843 -0.00196075 0.158824 0.358824 -0.00196075 0.22549 0.35098 0.0686275 0.22549 0.331373 0.135294 0.22549 0.296079 0.198039 0.22549 0.252941 0.252941 0.22549 0.198039 0.296079 0.22549 0.135294 0.331373 0.22549 0.0686275 0.35098 0.22549 -0.00196075 0.358824 0.22549 -0.072549 0.35098 0.22549 -0.139216 0.331373 0.22549 -0.201961 0.296079 0.22549 -0.256863 0.252941 0.22549 -0.3 0.198039 0.22549 -0.335294 0.135294 0.22549 -0.354902 0.0686275 0.22549 -0.362745 -0.00196075 0.22549 -0.354902 -0.072549 0.22549 -0.335294 -0.139216 0.22549 -0.3 -0.201961 0.22549 -0.256863 -0.256863 0.22549 -0.201961 -0.3 0.22549 -0.139216 -0.335294 0.22549 -0.072549 -0.354902 0.22549 -0.00196075 -0.362745 0.22549 0.0686275 -0.354902 0.22549 0.135294 -0.335294 0.22549 0.198039 -0.3 0.22549 0.252941 -0.256863 0.22549 0.296079 -0.201961 0.22549 0.331373 -0.139216 0.22549 0.35098 -0.072549 0.22549 0.358824 -0.00196075 0.22549 0.398039 -0.00196075 0.292157 0.390196 0.0764706 0.292157 0.366667 0.15098 0.292157 0.331373 0.221569 0.292157 0.280392 0.280392 0.292157 0.221569 0.331373 0.292157 0.15098 0.366667 0.292157 0.0764706 0.390196 0.292157 -0.00196075 0.398039 0.292157 -0.0803921 0.390196 0.292157 -0.154902 0.366667 0.292157 -0.22549 0.331373 0.292157 -0.284314 0.280392 0.292157 -0.335294 0.221569 0.292157 -0.370588 0.15098 0.292157 -0.394118 0.0764706 0.292157 -0.401961 -0.00196075 0.292157 -0.394118 -0.0803921 0.292157 -0.370588 -0.154902 0.292157 -0.335294 -0.22549 0.292157 -0.284314 -0.284314 0.292157 -0.22549 -0.335294 0.292157 -0.154902 -0.370588 0.292157 -0.0803921 -0.394118 0.292157 -0.00196075 -0.401961 0.292157 0.0764706 -0.394118 0.292157 0.15098 -0.370588 0.292157 0.221569 -0.335294 0.292157 0.280392 -0.284314 0.292157 0.331373 -0.22549 0.292157 0.366667 -0.154902 0.292157 0.390196 -0.0803921 0.292157 0.398039 -0.00196075 0.292157 0.429412 -0.00196075 0.378431 0.421569 0.0803922 0.378431 0.398039 0.162745 0.378431 0.354902 0.237255 0.378431 0.303922 0.303922 0.378431 0.237255 0.354902 0.378431 0.162745 0.398039 0.378431 0.0803922 0.421569 0.378431 -0.00196075 0.429412 0.378431 -0.0843137 0.421569 0.378431 -0.166667 0.398039 0.378431 -0.241176 0.354902 0.378431 -0.307843 0.303922 0.378431 -0.358824 0.237255 0.378431 -0.401961 0.162745 0.378431 -0.42549 0.0803922 0.378431 -0.433333 -0.00196075 0.378431 -0.42549 -0.0843137 0.378431 -0.401961 -0.166667 0.378431 -0.358824 -0.241176 0.378431 -0.307843 -0.307843 0.378431 -0.241176 -0.358824 0.378431 -0.166667 -0.401961 0.378431 -0.0843137 -0.42549 0.378431 -0.00196075 -0.433333 0.378431 0.0803922 -0.42549 0.378431 0.162745 -0.401961 0.378431 0.237255 -0.358824 0.378431 0.303922 -0.307843 0.378431 0.354902 -0.241176 0.378431 0.398039 -0.166667 0.378431 0.421569 -0.0843137 0.378431 0.429412 -0.00196075 0.378431 0.445098 -0.00196075 0.452941 0.437255 0.0843138 0.452941 0.409804 0.170588 0.452941 0.370588 0.245098 0.452941 0.315686 0.315686 0.452941 0.245098 0.370588 0.452941 0.170588 0.409804 0.452941 0.0843138 0.437255 0.452941 -0.00196075 0.445098 0.452941 -0.0882353 0.437255 0.452941 -0.17451 0.409804 0.452941 -0.24902 0.370588 0.452941 -0.319608 0.315686 0.452941 -0.37451 0.245098 0.452941 -0.413725 0.170588 0.452941 -0.441176 0.0843138 0.452941 -0.44902 -0.00196075 0.452941 -0.441176 -0.0882353 0.452941 -0.413725 -0.17451 0.452941 -0.37451 -0.24902 0.452941 -0.319608 -0.319608 0.452941 -0.24902 -0.37451 0.452941 -0.17451 -0.413725 0.452941 -0.0882353 -0.441176 0.452941 -0.00196075 -0.44902 0.452941 0.0843138 -0.441176 0.452941 0.170588 -0.413725 0.452941 0.245098 -0.37451 0.452941 0.315686 -0.319608 0.452941 0.370588 -0.24902 0.452941 0.409804 -0.17451 0.452941 0.437255 -0.0882353 0.452941 0.445098 -0.00196075 0.452941 0.429412 -0.00196075 0.484314 0.421569 0.0803922 0.484314 0.398039 0.162745 0.484314 0.354902 0.237255 0.484314 0.303922 0.303922 0.484314 0.237255 0.354902 0.484314 0.162745 0.398039 0.484314 0.0803922 0.421569 0.484314 -0.00196075 0.429412 0.484314 -0.0843137 0.421569 0.484314 -0.166667 0.398039 0.484314 -0.241176 0.354902 0.484314 -0.307843 0.303922 0.484314 -0.358824 0.237255 0.484314 -0.401961 0.162745 0.484314 -0.42549 0.0803922 0.484314 -0.433333 -0.00196075 0.484314 -0.42549 -0.0843137 0.484314 -0.401961 -0.166667 0.484314 -0.358824 -0.241176 0.484314 -0.307843 -0.307843 0.484314 -0.241176 -0.358824 0.484314 -0.166667 -0.401961 0.484314 -0.0843137 -0.42549 0.484314 -0.00196075 -0.433333 0.484314 0.0803922 -0.42549 0.484314 0.162745 -0.401961 0.484314 0.237255 -0.358824 0.484314 0.303922 -0.307843 0.484314 0.354902 -0.241176 0.484314 0.398039 -0.166667 0.484314 0.421569 -0.0843137 0.484314 0.429412 -0.00196075 0.484314 0.405882 -0.00196075 0.484314 0.398039 0.0764706 0.484314 0.37451 0.154902 0.484314 0.335294 0.22549 0.484314 0.288235 0.288235 0.484314 0.22549 0.335294 0.484314 0.154902 0.37451 0.484314 0.0764706 0.398039 0.484314 -0.00196075 0.405882 0.484314 -0.0803921 0.398039 0.484314 -0.158824 0.37451 0.484314 -0.229412 0.335294 0.484314 -0.292157 0.288235 0.484314 -0.339216 0.22549 0.484314 -0.378431 0.154902 0.484314 -0.401961 0.0764706 0.484314 -0.409804 -0.00196075 0.484314 -0.401961 -0.0803921 0.484314 -0.378431 -0.158824 0.484314 -0.339216 -0.229412 0.484314 -0.292157 -0.292157 0.484314 -0.229412 -0.339216 0.484314 -0.158824 -0.378431 0.484314 -0.0803921 -0.401961 0.484314 -0.00196075 -0.409804 0.484314 0.0764706 -0.401961 0.484314 0.154902 -0.378431 0.484314 0.22549 -0.339216 0.484314 0.288235 -0.292157 0.484314 0.335294 -0.229412 0.484314 0.37451 -0.158824 0.484314 0.398039 -0.0803921 0.484314 0.405882 -0.00196075 0.484314 0.382353 -0.00196075 0.44902 0.37451 0.072549 0.44902 0.354902 0.147059 0.44902 0.315686 0.209804 0.44902 0.268628 0.268628 0.44902 0.209804 0.315686 0.44902 0.147059 0.354902 0.44902 0.072549 0.37451 0.44902 -0.00196075 0.382353 0.44902 -0.0764706 0.37451 0.44902 -0.15098 0.354902 0.44902 -0.213725 0.315686 0.44902 -0.272549 0.268628 0.44902 -0.319608 0.209804 0.44902 -0.358824 0.147059 0.44902 -0.378431 0.072549 0.44902 -0.386275 -0.00196075 0.44902 -0.378431 -0.0764706 0.44902 -0.358824 -0.15098 0.44902 -0.319608 -0.213725 0.44902 -0.272549 -0.272549 0.44902 -0.213725 -0.319608 0.44902 -0.15098 -0.358824 0.44902 -0.0764706 -0.378431 0.44902 -0.00196075 -0.386275 0.44902 0.072549 -0.378431 0.44902 0.147059 -0.358824 0.44902 0.209804 -0.319608 0.44902 0.268628 -0.272549 0.44902 0.315686 -0.213725 0.44902 0.354902 -0.15098 0.44902 0.37451 -0.0764706 0.44902 0.382353 -0.00196075 0.44902 0.319608 -0.00196075 0.401961 0.311765 0.0607843 0.401961 0.296079 0.119608 0.401961 0.264706 0.178431 0.401961 0.22549 0.22549 0.401961 0.178431 0.264706 0.401961 0.119608 0.296079 0.401961 0.0607843 0.311765 0.401961 -0.00196075 0.319608 0.401961 -0.0647058 0.311765 0.401961 -0.123529 0.296079 0.401961 -0.182353 0.264706 0.401961 -0.229412 0.22549 0.401961 -0.268627 0.178431 0.401961 -0.3 0.119608 0.401961 -0.315686 0.0607843 0.401961 -0.323529 -0.00196075 0.401961 -0.315686 -0.0647058 0.401961 -0.3 -0.123529 0.401961 -0.268627 -0.182353 0.401961 -0.229412 -0.229412 0.401961 -0.182353 -0.268627 0.401961 -0.123529 -0.3 0.401961 -0.0647058 -0.315686 0.401961 -0.00196075 -0.323529 0.401961 0.0607843 -0.315686 0.401961 0.119608 -0.3 0.401961 0.178431 -0.268627 0.401961 0.22549 -0.229412 0.401961 0.264706 -0.182353 0.401961 0.296079 -0.123529 0.401961 0.311765 -0.0647058 0.401961 0.319608 -0.00196075 0.401961 0.24902 -0.00196075 0.366667 0.245098 0.0450981 0.366667 0.229412 0.0921569 0.366667 0.205882 0.139216 0.366667 0.17451 0.17451 0.366667 0.139216 0.205882 0.366667 0.0921569 0.229412 0.366667 0.0450981 0.245098 0.366667 -0.00196075 0.24902 0.366667 -0.0490196 0.245098 0.366667 -0.0960784 0.229412 0.366667 -0.143137 0.205882 0.366667 -0.178431 0.17451 0.366667 -0.209804 0.139216 0.366667 -0.233333 0.0921569 0.366667 -0.24902 0.0450981 0.366667 -0.252941 -0.00196075 0.366667 -0.24902 -0.0490196 0.366667 -0.233333 -0.0960784 0.366667 -0.209804 -0.143137 0.366667 -0.178431 -0.178431 0.366667 -0.143137 -0.209804 0.366667 -0.0960784 -0.233333 0.366667 -0.0490196 -0.24902 0.366667 -0.00196075 -0.252941 0.366667 0.0450981 -0.24902 0.366667 0.0921569 -0.233333 0.366667 0.139216 -0.209804 0.366667 0.17451 -0.178431 0.366667 0.205882 -0.143137 0.366667 0.229412 -0.0960784 0.366667 0.245098 -0.0490196 0.366667 0.24902 -0.00196075 0.366667 0.178431 -0.00196075 0.331373 0.17451 0.0333334 0.331373 0.162745 0.0686275 0.331373 0.147059 0.1 0.331373 0.127451 0.127451 0.331373 0.1 0.147059 0.331373 0.0686275 0.162745 0.331373 0.0333334 0.17451 0.331373 -0.00196075 0.178431 0.331373 -0.0372549 0.17451 0.331373 -0.072549 0.162745 0.331373 -0.103922 0.147059 0.331373 -0.131373 0.127451 0.331373 -0.15098 0.1 0.331373 -0.166667 0.0686275 0.331373 -0.178431 0.0333334 0.331373 -0.182353 -0.00196075 0.331373 -0.178431 -0.0372549 0.331373 -0.166667 -0.072549 0.331373 -0.15098 -0.103922 0.331373 -0.131373 -0.131373 0.331373 -0.103922 -0.15098 0.331373 -0.072549 -0.166667 0.331373 -0.0372549 -0.178431 0.331373 -0.00196075 -0.182353 0.331373 0.0333334 -0.178431 0.331373 0.0686275 -0.166667 0.331373 0.1 -0.15098 0.331373 0.127451 -0.131373 0.331373 0.147059 -0.103922 0.331373 0.162745 -0.072549 0.331373 0.17451 -0.0372549 0.331373 0.178431 -0.00196075 0.331373 0.0921569 -0.00196075 0.319608 0.0921569 0.0176471 0.319608 0.0843138 0.0333334 0.319608 0.0764706 0.0490196 0.319608 0.0647059 0.0647059 0.319608 0.0490196 0.0764706 0.319608 0.0333334 0.0843138 0.319608 0.0176471 0.0921569 0.319608 -0.00196075 0.0921569 0.319608 -0.0215686 0.0921569 0.319608 -0.0372549 0.0843138 0.319608 -0.0529411 0.0764706 0.319608 -0.0686274 0.0647059 0.319608 -0.0803921 0.0490196 0.319608 -0.0882353 0.0333334 0.319608 -0.0960784 0.0176471 0.319608 -0.0960784 -0.00196075 0.319608 -0.0960784 -0.0215686 0.319608 -0.0882353 -0.0372549 0.319608 -0.0803921 -0.0529411 0.319608 -0.0686274 -0.0686274 0.319608 -0.0529411 -0.0803921 0.319608 -0.0372549 -0.0882353 0.319608 -0.0215686 -0.0960784 0.319608 -0.00196075 -0.0960784 0.319608 0.0176471 -0.0960784 0.319608 0.0333334 -0.0882353 0.319608 0.0490196 -0.0803921 0.319608 0.0647059 -0.0686274 0.319608 0.0764706 -0.0529411 0.319608 0.0843138 -0.0372549 0.319608 0.0921569 -0.0215686 0.319608 0.0921569 -0.00196075 0.319608 -0.00196075 -0.00196075 0.307843 -0.00196075 -0.00196075 0.307843 -0.00196075 -0.00196075 0.307843 -0.00196075 -0.00196075 0.307843 -0.00196075 -0.00196075 0.307843 -0.00196075 -0.00196075 0.307843 -0.00196075 -0.00196075 0.307843 -0.00196075 -0.00196075 0.307843 -0.00196075 -0.00196075 0.307843 -0.00196075 -0.00196075 0.307843 -0.00196075 -0.00196075 0.307843 -0.00196075 -0.00196075 0.307843 -0.00196075 -0.00196075 0.307843 -0.00196075 -0.00196075 0.307843 -0.00196075 -0.00196075 0.307843 -0.00196075 -0.00196075 0.307843 -0.00196075 -0.00196075 0.307843 -0.00196075 -0.00196075 0.307843 -0.00196075 -0.00196075 0.307843 -0.00196075 -0.00196075 0.307843 -0.00196075 -0.00196075 0.307843 -0.00196075 -0.00196075 0.307843 -0.00196075 -0.00196075 0.307843 -0.00196075 -0.00196075 0.307843 -0.00196075 -0.00196075 0.307843 -0.00196075 -0.00196075 0.307843 -0.00196075 -0.00196075 0.307843 -0.00196075 -0.00196075 0.307843 -0.00196075 -0.00196075 0.307843 -0.00196075 -0.00196075 0.307843 -0.00196075 -0.00196075 0.307843 -0.00196075 -0.00196075 0.307843 -0.00196075 -0.00196075 0.307843</float_array>
					<technique_common>
						<accessor count="1089" source="#prim0-positions-array" stride="3">
							<param name="X" type="float"/>
							<param name="Y" type="float"/>
							<param name="Z" type="float"/>
						</accessor>
					</technique_common>
				</source>
				<source id="prim0-normals">
					<float_array id="prim0-normals-array" count="3267">0 1.68975e-08 -1.00002 0 1.68975e-08 -1.00002 0 1.68975e-08 -1.00002 0 1.68975e-08 -1.00002 0 1.68975e-08 -1.00002 0 1.68975e-08 -1.00002 0 1.68975e-08 -1.00002 0 1.68975e-08 -1.00002 0 1.68975e-08 -1.00002 0 1.68975e-08 -1.00002 0 1.68975e-08 -1.00002 0 1.68975e-08 -1.00002 0 1.68975e-08 -1.00002 0 1.68975e-08 -1.00002 0 1.68975e-08 -1.00002 0 1.68975e-08 -1.00002 0 1.68975e-08 -1.00002 0 1.68975e-08 -1.00002 0 1.68975e-08 -1.00002 0 1.68975e-08 -1.00002 0 1.68975e-08 -1.00002 0 1.68975e-08 -1.00002 0 1.68975e-08 -1.00002 0 1.68975e-08 -1.00002 0 1.68975e-08 -1.00002 0 1.68975e-08 -1.00002 0 1.68975e-08 -1.00002 0 1.68975e-08 -1.00002 0 1.68975e-08 -1.00002 0 1.68975e-08 -1.00002 0 1.68975e-08 -1.00002 0 1.68975e-08 -1.00002 0 1.68975e-08 -1.00002 0.67945 0 -0.733806 0.653333 0.124444 -0.746667 0.62887 0.209623 -0.748654 0.592176 0.331619 -0.734298 0.454179 0.48662 -0.746151 0.214387 0.64316 -0.73504 0.371396 0.557093 -0.742791 0 0.67945 -0.733806 0 0.67945 -0.733806 -0.124444 0.653333 -0.746667 -0.209623 0.62887 -0.748654 -0.331619 0.592176 -0.734298 -0.48662 0.454179 -0.746151 -0.64316 0.214387 -0.73504 -0.557093 0.371396 -0.742791 -0.67945 0 -0.733806 -0.67945 0 -0.733806 -0.653333 -0.124444 -0.746667 -0.62887 -0.209623 -0.748654 -0.592176 -0.331619 -0.734298 -0.454179 -0.48662 -0.746151 -0.214387 -0.64316 -0.73504 -0.371396 -0.557093 -0.742791 0 -0.67945 -0.733806 0 -0.67945 -0.733806 0.124444 -0.653333 -0.746667 0.209623 -0.62887 -0.748654 0.331619 -0.592176 -0.734298 0.48662 -0.454179 -0.746151 0.64316 -0.214387 -0.73504 0.557093 -0.371396 -0.742791 0.67945 0 -0.733806 0.67945 0 -0.733806 0.827858 0 -0.560807 0.794592 0.209892 -0.569708 0.776624 0.349481 -0.524221 0.777293 0.348989 -0.523483 0.633079 0.540755 -0.553945 0.270484 0.796426 -0.540969 0.410819 0.746943 -0.52286 0.214917 0.810073 -0.545559 0 0.827858 -0.560807 -0.209892 0.794592 -0.569708 -0.349481 0.776624 -0.524221 -0.348989 0.777293 -0.523483 -0.540755 0.633079 -0.553945 -0.796426 0.270484 -0.540969 -0.746943 0.410819 -0.52286 -0.810073 0.214917 -0.545559 -0.827858 0 -0.560807 -0.794592 -0.209892 -0.569708 -0.776624 -0.349481 -0.524221 -0.777293 -0.348989 -0.523483 -0.633079 -0.540755 -0.553945 -0.270484 -0.796426 -0.540969 -0.410819 -0.746943 -0.52286 -0.214917 -0.810073 -0.545559 0 -0.827858 -0.560807 0.209892 -0.794592 -0.569708 0.349481 -0.776624 -0.524221 0.348989 -0.777293 -0.523483 0.540755 -0.633079 -0.553945 0.796426 -0.270484 -0.540969 0.746943 -0.410819 -0.52286 0.810073 -0.214917 -0.545559 0.827858 0 -0.560807 0.983579 0 -0.180657 0.953806 0.222555 -0.201359 0.867651 0.483124 -0.118316 0.893195 0.435432 -0.111649 0.770148 0.620119 -0.150029 0.443091 0.886182 -0.13564 0.433633 0.889504 -0.144544 0.299808 0.942253 -0.149904 0 0.983579 -0.180657 -0.222555 0.953806 -0.201359 -0.483124 0.867651 -0.118316 -0.435432 0.893195 -0.111649 -0.620119 0.770148 -0.150029 -0.886182 0.443091 -0.13564 -0.889504 0.433633 -0.144544 -0.942253 0.299808 -0.149904 -0.983579 0 -0.180657 -0.953806 -0.222555 -0.201359 -0.867651 -0.483124 -0.118316 -0.893195 -0.435432 -0.111649 -0.770148 -0.620119 -0.150029 -0.443091 -0.886182 -0.13564 -0.433633 -0.889504 -0.144544 -0.299808 -0.942253 -0.149904 0 -0.983579 -0.180657 0.222555 -0.953806 -0.201359 0.483124 -0.867651 -0.118316 0.435432 -0.893195 -0.111649 0.620119 -0.770148 -0.150029 0.886182 -0.443091 -0.13564 0.889504 -0.433633 -0.144544 0.942253 -0.299808 -0.149904 0.983579 0 -0.180657 0.986882 0 0.161784 0.961938 0.211626 0.173149 0.840225 0.517714 0.161255 0.837755 0.51103 0.192684 0.764967 0.606013 0.218562 0.514548 0.835086 0.19401 0.51103 0.837755 0.192684 0.361436 0.917491 0.166817 0 0.986882 0.161784 -0.211626 0.961938 0.173149 -0.517714 0.840225 0.161255 -0.51103 0.837755 0.192684 -0.606013 0.764967 0.218562 -0.835086 0.514548 0.19401 -0.837755 0.51103 0.192684 -0.917491 0.361436 0.166817 -0.986882 0 0.161784 -0.961938 -0.211626 0.173149 -0.840225 -0.517714 0.161255 -0.837755 -0.51103 0.192684 -0.764967 -0.606013 0.218562 -0.514548 -0.835086 0.19401 -0.51103 -0.837755 0.192684 -0.361436 -0.917491 0.166817 0 -0.986882 0.161784 0.211626 -0.961938 0.173149 0.517714 -0.840225 0.161255 0.51103 -0.837755 0.192684 0.606013 -0.764967 0.218562 0.835086 -0.514548 0.19401 0.837755 -0.51103 0.192684 0.917491 -0.361436 0.166817 0.986882 0 0.161784 0.959412 0 -0.28218 0.941757 0.201805 -0.269073 0.781223 0.520815 -0.34411 0.801784 0.515433 -0.302714 0.665485 0.665485 -0.338024 0.5192 0.778801 -0.352314 0.479477 0.839085 -0.256863 0.364062 0.873749 -0.322455 0 0.959412 -0.28218 -0.201805 0.941757 -0.269073 -0.520815 0.781223 -0.34411 -0.515433 0.801784 -0.302714 -0.665485 0.665485 -0.338024 -0.778801 0.5192 -0.352314 -0.839085 0.479477 -0.256863 -0.873749 0.364062 -0.322455 -0.959412 0 -0.28218 -0.941757 -0.201805 -0.269073 -0.781223 -0.520815 -0.34411 -0.801784 -0.515433 -0.302714 -0.665485 -0.665485 -0.338024 -0.5192 -0.778801 -0.352314 -0.479477 -0.839085 -0.256863 -0.364062 -0.873749 -0.322455 0 -0.959412 -0.28218 0.201805 -0.941757 -0.269073 0.520815 -0.781223 -0.34411 0.515433 -0.801784 -0.302714 0.665485 -0.665485 -0.338024 0.778801 -0.5192 -0.352314 0.839085 -0.479477 -0.256863 0.873749 -0.364062 -0.322455 0.959412 0 -0.28218 0.69714 0 -0.716917 0.683562 0.116576 -0.720653 0.617751 0.314595 -0.720709 0.609167 0.316389 -0.727222 0.444962 0.496702 -0.745052 0.383159 0.559204 -0.73525 0.270718 0.634957 -0.723555 0.19675 0.64391 -0.739304 0 0.69714 -0.716917 -0.116576 0.683562 -0.720653 -0.314595 0.617751 -0.720709 -0.316389 0.609167 -0.727222 -0.496702 0.444962 -0.745052 -0.559204 0.383159 -0.73525 -0.634957 0.270718 -0.723555 -0.64391 0.19675 -0.739304 -0.69714 0 -0.716917 -0.683562 -0.116576 -0.720653 -0.617751 -0.314595 -0.720709 -0.609167 -0.316389 -0.727222 -0.444962 -0.496702 -0.745052 -0.383159 -0.559204 -0.73525 -0.270718 -0.634957 -0.723555 -0.19675 -0.64391 -0.739304 0 -0.69714 -0.716917 0.116576 -0.683562 -0.720653 0.314595 -0.617751 -0.720709 0.316389 -0.609167 -0.727222 0.496702 -0.444962 -0.745052 0.559204 -0.383159 -0.73525 0.634957 -0.270718 -0.723555 0.64391 -0.19675 -0.739304 0.69714 0 -0.716917 0.65667 0.029604 -0.753556 0.644827 0.113638 -0.755822 0.583426 0.291713 -0.757955 0.578021 0.317539 -0.751675 0.456055 0.458589 -0.762626 0.309627 0.570493 -0.760657 0.239463 0.615042 -0.751158 0.173638 0.644939 -0.744161 -0.029604 0.65667 -0.753556 -0.113638 0.644827 -0.755822 -0.291713 0.583426 -0.757955 -0.317539 0.578021 -0.751675 -0.458589 0.456055 -0.762626 -0.570493 0.309627 -0.760657 -0.615042 0.239463 -0.751158 -0.644939 0.173638 -0.744161 -0.65667 -0.0296042 -0.753556 -0.644827 -0.113638 -0.755822 -0.583426 -0.291713 -0.757955 -0.578021 -0.317539 -0.751675 -0.456055 -0.458589 -0.762626 -0.309627 -0.570493 -0.760657 -0.239463 -0.615042 -0.751158 -0.173638 -0.644939 -0.744161 0.0296042 -0.65667 -0.753556 0.113638 -0.644827 -0.755822 0.291713 -0.583426 -0.757955 0.317539 -0.578021 -0.751675 0.458589 -0.456055 -0.762626 0.570493 -0.309627 -0.760657 0.615042 -0.239463 -0.751158 0.644939 -0.173638 -0.744161 0.65667 0.029604 -0.753556 0.747665 -0.00320886 -0.664234 0.745195 0.112513 -0.657141 0.699842 0.261866 -0.66462 0.629926 0.385609 -0.67408 0.56461 0.494033 -0.661268 0.392359 0.633124 -0.667307 0.260549 0.680405 -0.684871 0.162188 0.726725 -0.667464 0.00320886 0.747665 -0.664234 -0.112513 0.745195 -0.657141 -0.261866 0.699842 -0.66462 -0.385609 0.629926 -0.67408 -0.494033 0.56461 -0.661269 -0.633124 0.392359 -0.667307 -0.680405 0.260549 -0.684871 -0.726725 0.162188 -0.667464 -0.747665 0.00320899 -0.664235 -0.745195 -0.112513 -0.657141 -0.699842 -0.261866 -0.66462 -0.629926 -0.385609 -0.67408 -0.56461 -0.494033 -0.661269 -0.392359 -0.633124 -0.667307 -0.260549 -0.680405 -0.684871 -0.162188 -0.726725 -0.667464 -0.00320899 -0.747665 -0.664235 0.112513 -0.745195 -0.657141 0.261866 -0.699842 -0.66462 0.385609 -0.629926 -0.67408 0.494033 -0.56461 -0.661268 0.633124 -0.392359 -0.667307 0.680405 -0.260549 -0.684871 0.726725 -0.162188 -0.667464 0.747665 -0.00320886 -0.664234 0.635683 -0.0163783 -0.771828 0.620987 0.123991 -0.773909 0.588958 0.233064 -0.773729 0.541997 0.362375 -0.758169 0.473045 0.455882 -0.754083 0.375508 0.531711 -0.759292 0.252483 0.594321 -0.763682 0.113387 0.627336 -0.770393 0.0163783 0.635683 -0.771828 -0.123991 0.620987 -0.773909 -0.233064 0.588958 -0.77373 -0.362375 0.541997 -0.758169 -0.455882 0.473045 -0.754083 -0.531711 0.375508 -0.759292 -0.594321 0.252483 -0.763682 -0.627336 0.113387 -0.770394 -0.635683 0.0163785 -0.771828 -0.620987 -0.123991 -0.773909 -0.588958 -0.233064 -0.77373 -0.541997 -0.362376 -0.758169 -0.473045 -0.455882 -0.754084 -0.375508 -0.531711 -0.759293 -0.252483 -0.594321 -0.763682 -0.113387 -0.627336 -0.770394 -0.0163785 -0.635683 -0.771828 0.123991 -0.620987 -0.773909 0.233064 -0.588958 -0.77373 0.362376 -0.541997 -0.758169 0.455882 -0.473045 -0.754083 0.531711 -0.375508 -0.759292 0.594321 -0.252483 -0.763682 0.627336 -0.113387 -0.770393 0.635683 -0.0163783 -0.771828 0.667618 -0.018962 -0.744256 0.658398 0.117346 -0.743454 0.625306 0.240564 -0.742402 0.547097 0.377147 -0.747311 0.485225 0.465554 -0.740132 0.396818 0.540382 -0.742017 0.285351 0.603863 -0.744225 0.131712 0.653005 -0.745838 0.018962 0.667618 -0.744256 -0.117346 0.658398 -0.743454 -0.240564 0.625306 -0.742402 -0.377147 0.547097 -0.747311 -0.465554 0.485225 -0.740132 -0.540382 0.396818 -0.742018 -0.603863 0.285351 -0.744225 -0.653005 0.131712 -0.745838 -0.667618 0.018962 -0.744256 -0.658398 -0.117346 -0.743454 -0.625306 -0.240564 -0.742402 -0.547097 -0.377147 -0.747311 -0.485225 -0.465554 -0.740132 -0.396818 -0.540382 -0.742018 -0.285351 -0.603864 -0.744225 -0.131712 -0.653005 -0.745838 -0.018962 -0.667618 -0.744256 0.117346 -0.658398 -0.743454 0.240564 -0.625306 -0.742402 0.377147 -0.547097 -0.747311 0.465554 -0.485225 -0.740132 0.540382 -0.396818 -0.742018 0.603864 -0.285351 -0.744225 0.653005 -0.131712 -0.745838 0.667618 -0.018962 -0.744256 0.995948 -0.0235948 -0.0869281 0.980684 0.169902 -0.0974438 0.926848 0.367456 -0.0782896 0.834511 0.546179 -0.0724005 0.716609 0.692722 -0.0817186 0.594411 0.799336 -0.0878251 0.417813 0.905261 -0.0772321 0.229014 0.971119 -0.0675778 0.0235948 0.995948 -0.0869281 -0.169902 0.980684 -0.0974438 -0.367456 0.926848 -0.0782896 -0.546179 0.834512 -0.0724006 -0.692722 0.716609 -0.0817186 -0.799336 0.594411 -0.0878251 -0.905261 0.417813 -0.0772321 -0.971119 0.229014 -0.0675778 -0.995948 0.0235948 -0.0869281 -0.980684 -0.169902 -0.0974438 -0.926848 -0.367456 -0.0782896 -0.834512 -0.546179 -0.0724006 -0.716609 -0.692722 -0.0817186 -0.594411 -0.799336 -0.0878251 -0.417813 -0.905262 -0.0772321 -0.229014 -0.971119 -0.0675778 -0.0235948 -0.995948 -0.0869281 0.169902 -0.980684 -0.0974438 0.367456 -0.926848 -0.0782896 0.546179 -0.834511 -0.0724005 0.692722 -0.716609 -0.0817186 0.799336 -0.594411 -0.0878251 0.905262 -0.417813 -0.0772321 0.971119 -0.229014 -0.0675778 0.995948 -0.0235948 -0.0869281 0.870571 -0.0241826 0.491711 0.856558 0.129541 0.499658 0.815602 0.328394 0.47644 0.738582 0.473239 0.480078 0.629683 0.613039 0.477116 0.53449 0.685659 0.493998 0.366079 0.799451 0.47644 0.202783 0.854391 0.478567 0.0241826 0.870571 0.491711 -0.129541 0.856558 0.499658 -0.328394 0.815602 0.47644 -0.473239 0.738582 0.480078 -0.613039 0.629683 0.477116 -0.685659 0.53449 0.493998 -0.799451 0.366079 0.47644 -0.854391 0.202783 0.478567 -0.870571 0.0241826 0.491711 -0.856558 -0.129541 0.499658 -0.815602 -0.328394 0.47644 -0.738582 -0.473239 0.480078 -0.629683 -0.61304 0.477116 -0.53449 -0.685659 0.493998 -0.366079 -0.799452 0.47644 -0.202783 -0.854391 0.478567 -0.0241826 -0.870571 0.491711 0.129541 -0.856558 0.499658 0.328394 -0.815602 0.47644 0.473239 -0.738582 0.480078 0.61304 -0.629683 0.477116 0.685659 -0.53449 0.493998 0.799452 -0.366079 0.47644 0.854391 -0.202783 0.478567 0.870571 -0.0241826 0.491711 0.889094 -0.0161068 0.457433 0.876494 0.155609 0.455713 0.819579 0.327196 0.470146 0.737099 0.491399 0.46392 0.643497 0.630229 0.434526 0.518882 0.727095 0.449477 0.377337 0.792724 0.478805 0.184446 0.862831 0.470493 0.0161068 0.889094 0.457433 -0.155609 0.876494 0.455713 -0.327196 0.819579 0.470146 -0.491399 0.7371 0.46392 -0.630229 0.643497 0.434526 -0.727095 0.518882 0.449477 -0.792724 0.377337 0.478805 -0.862831 0.184446 0.470493 -0.889094 0.0161068 0.457433 -0.876494 -0.155609 0.455713 -0.819579 -0.327196 0.470146 -0.7371 -0.491399 0.46392 -0.643497 -0.630229 0.434526 -0.518882 -0.727095 0.449477 -0.377337 -0.792724 0.478805 -0.184446 -0.862831 0.470493 -0.0161068 -0.889094 0.457433 0.155609 -0.876494 0.455713 0.327196 -0.819579 0.470146 0.491399 -0.737099 0.46392 0.630229 -0.643497 0.434526 0.727095 -0.518882 0.449477 0.792724 -0.377337 0.478805 0.862831 -0.184446 0.470493 0.889094 -0.0161068 0.457433 0.991926 -0.0247981 -0.123991 0.977624 0.171084 -0.122203 0.925569 0.360611 -0.115696 0.830223 0.545221 -0.116169 0.732226 0.670173 -0.121003 0.551471 0.821078 -0.147059 0.418758 0.899098 -0.127783 0.217889 0.968397 -0.12105 0.0247982 0.991926 -0.123991 -0.171084 0.977624 -0.122203 -0.360611 0.925569 -0.115696 -0.545221 0.830223 -0.116169 -0.670173 0.732226 -0.121004 -0.821078 0.551471 -0.147059 -0.899098 0.418758 -0.127783 -0.968397 0.217889 -0.12105 -0.991926 0.0247982 -0.123991 -0.977624 -0.171084 -0.122203 -0.925569 -0.360611 -0.115696 -0.830223 -0.545221 -0.116169 -0.732226 -0.670173 -0.121004 -0.551471 -0.821079 -0.147059 -0.418758 -0.899098 -0.127783 -0.217889 -0.968397 -0.12105 -0.0247982 -0.991926 -0.123991 0.171084 -0.977624 -0.122203 0.360611 -0.925569 -0.115696 0.545221 -0.830223 -0.116169 0.670173 -0.732226 -0.121003 0.821079 -0.551471 -0.147059 0.899098 -0.418758 -0.127783 0.968397 -0.217889 -0.12105 0.991926 -0.0247981 -0.123991 0.991713 -0.0244867 -0.125495 0.97624 0.170842 -0.132708 0.923201 0.359689 -0.134883 0.824763 0.549842 -0.131484 0.727614 0.679902 -0.0909518 0.579285 0.808585 -0.102582 0.409412 0.903114 -0.129446 0.215156 0.968201 -0.127002 0.0244867 0.991713 -0.125495 -0.170842 0.97624 -0.132708 -0.359689 0.923201 -0.134883 -0.549842 0.824764 -0.131484 -0.679902 0.727615 -0.0909518 -0.808585 0.579285 -0.102582 -0.903114 0.409412 -0.129446 -0.968201 0.215156 -0.127002 -0.991713 0.0244867 -0.125495 -0.97624 -0.170842 -0.132708 -0.923201 -0.359689 -0.134883 -0.824764 -0.549842 -0.131484 -0.727615 -0.679902 -0.0909518 -0.579285 -0.808586 -0.102582 -0.409412 -0.903114 -0.129446 -0.215156 -0.968201 -0.127002 -0.0244867 -0.991713 -0.125495 0.170842 -0.97624 -0.132708 0.359689 -0.923201 -0.134883 0.549842 -0.824763 -0.131484 0.679902 -0.727614 -0.0909518 0.808586 -0.579285 -0.102582 0.903114 -0.409412 -0.129446 0.968201 -0.215156 -0.127002 0.991713 -0.0244867 -0.125495 0.991595 -0.0230604 -0.126832 0.977747 0.164921 -0.129581 0.923045 0.355017 -0.147924 0.819856 0.54657 -0.170803 0.707797 0.68459 -0.174048 0.584294 0.79464 -0.165063 0.408366 0.900807 -0.147132 0.209862 0.967695 -0.139908 0.0230604 0.991595 -0.126832 -0.164921 0.977747 -0.129581 -0.355017 0.923045 -0.147924 -0.54657 0.819856 -0.170803 -0.68459 0.707797 -0.174048 -0.79464 0.584294 -0.165063 -0.900807 0.408366 -0.147132 -0.967695 0.209862 -0.139908 -0.991595 0.0230604 -0.126832 -0.977747 -0.164921 -0.129581 -0.923045 -0.355017 -0.147924 -0.819856 -0.54657 -0.170803 -0.707797 -0.684591 -0.174048 -0.584294 -0.794641 -0.165063 -0.408366 -0.900807 -0.147132 -0.209862 -0.967695 -0.139908 -0.0230604 -0.991595 -0.126832 0.164921 -0.977747 -0.129581 0.355017 -0.923045 -0.147924 0.54657 -0.819856 -0.170803 0.684591 -0.707797 -0.174048 0.794641 -0.584294 -0.165063 0.900807 -0.408366 -0.147132 0.967695 -0.209862 -0.139908 0.991595 -0.0230604 -0.126832 0.991988 -0.0225452 -0.123998 0.979248 0.161288 -0.122406 0.92995 0.348731 -0.116244 0.837774 0.527912 -0.139151 0.703224 0.691695 -0.164278 0.574779 0.80469 -0.148006 0.396274 0.9091 -0.128206 0.210381 0.970088 -0.121261 0.0225452 0.991988 -0.123998 -0.161288 0.979248 -0.122406 -0.348731 0.92995 -0.116244 -0.527912 0.837774 -0.139151 -0.691695 0.703224 -0.164278 -0.80469 0.574779 -0.148006 -0.9091 0.396274 -0.128206 -0.970088 0.210381 -0.121261 -0.991988 0.0225452 -0.123998 -0.979248 -0.161288 -0.122406 -0.92995 -0.348731 -0.116244 -0.837774 -0.527912 -0.139151 -0.703224 -0.691696 -0.164278 -0.574779 -0.804691 -0.148006 -0.396274 -0.9091 -0.128206 -0.210381 -0.970088 -0.121261 -0.0225452 -0.991988 -0.123998 0.161288 -0.979248 -0.122406 0.348731 -0.92995 -0.116244 0.527912 -0.837774 -0.139151 0.691696 -0.703224 -0.164278 0.804691 -0.574779 -0.148006 0.9091 -0.396274 -0.128206 0.970088 -0.210381 -0.121261 0.991988 -0.0225452 -0.123998 0.84733 -0.0234645 -0.53056 0.838516 0.138422 -0.527068 0.795336 0.295564 -0.529329 0.735381 0.436551 -0.518405 0.609281 0.583464 -0.536993 0.480554 0.694994 -0.53481 0.339623 0.785379 -0.517395 0.180412 0.82397 -0.537197 0.0234645 0.84733 -0.53056 -0.138422 0.838516 -0.527068 -0.295564 0.795336 -0.529329 -0.436551 0.735381 -0.518405 -0.583464 0.609281 -0.536994 -0.694994 0.480554 -0.53481 -0.785379 0.339623 -0.517395 -0.82397 0.180412 -0.537196 -0.84733 0.0234645 -0.530559 -0.838516 -0.138422 -0.527067 -0.795336 -0.295564 -0.529329 -0.735381 -0.436551 -0.518405 -0.609281 -0.583464 -0.536994 -0.480554 -0.694995 -0.53481 -0.339623 -0.785379 -0.517395 -0.180412 -0.82397 -0.537196 -0.0234645 -0.84733 -0.530559 0.138422 -0.838516 -0.527067 0.295564 -0.795336 -0.529329 0.436551 -0.735381 -0.518405 0.583464 -0.609281 -0.536994 0.694995 -0.480554 -0.53481 0.785379 -0.339623 -0.517395 0.82397 -0.180412 -0.537197 0.84733 -0.0234645 -0.53056 0.653552 0.00799453 -0.756815 0.645213 0.122994 -0.754094 0.604675 0.25028 -0.756178 0.548805 0.355342 -0.756746 0.464853 0.460846 -0.756054 0.348526 0.551341 -0.758094 0.243042 0.611588 -0.75303 0.13366 0.645678 -0.751921 -0.00799453 0.653552 -0.756815 -0.122994 0.645213 -0.754094 -0.25028 0.604675 -0.756178 -0.355342 0.548806 -0.756747 -0.460846 0.464853 -0.756054 -0.551341 0.348526 -0.758094 -0.611588 0.243041 -0.75303 -0.645678 0.13366 -0.75192 -0.653552 -0.00799453 -0.756815 -0.645213 -0.122994 -0.754093 -0.604675 -0.250279 -0.756177 -0.548806 -0.355342 -0.756746 -0.464853 -0.460846 -0.756054 -0.348526 -0.551341 -0.758094 -0.243041 -0.611588 -0.75303 -0.13366 -0.645678 -0.75192 0.00799453 -0.653552 -0.756815 0.122994 -0.645213 -0.754093 0.250279 -0.604675 -0.756177 0.355342 -0.548805 -0.756746 0.460846 -0.464853 -0.756054 0.551341 -0.348526 -0.758094 0.611588 -0.243042 -0.75303 0.645678 -0.13366 -0.751921 0.653552 0.00799453 -0.756815 0.775501 -0.0107193 -0.631203 0.765357 0.138372 -0.628627 0.728416 0.279532 -0.625581 0.660969 0.409479 -0.628728 0.558649 0.542758 -0.627105 0.440706 0.642206 -0.627205 0.288732 0.714632 -0.637051 0.166703 0.760019 -0.628217 0.0107193 0.775501 -0.631203 -0.138372 0.765357 -0.628628 -0.279532 0.728416 -0.625581 -0.409479 0.660969 -0.628728 -0.542758 0.558649 -0.627105 -0.642206 0.440706 -0.627205 -0.714632 0.288732 -0.637051 -0.760019 0.166703 -0.628217 -0.775501 0.0107193 -0.631203 -0.765357 -0.138372 -0.628628 -0.728416 -0.279532 -0.625581 -0.660969 -0.409479 -0.628727 -0.558649 -0.542757 -0.627105 -0.440706 -0.642206 -0.627205 -0.288732 -0.714633 -0.637051 -0.166703 -0.760019 -0.628217 -0.0107193 -0.775501 -0.631203 0.138372 -0.765357 -0.628628 0.279532 -0.728416 -0.625581 0.409479 -0.660969 -0.628727 0.542757 -0.558649 -0.627105 0.642206 -0.440706 -0.627205 0.714633 -0.288732 -0.637051 0.760019 -0.166703 -0.628217 0.775501 -0.0107193 -0.631203 0.818668 -0.0233905 -0.573756 0.803924 0.152569 -0.574724 0.764033 0.291616 -0.575683 0.693803 0.443101 -0.567594 0.598553 0.568922 -0.564042 0.468383 0.679155 -0.565159 0.333839 0.75553 -0.563633 0.169315 0.799866 -0.575601 0.0233905 0.818668 -0.573756 -0.152569 0.803924 -0.574724 -0.291616 0.764033 -0.575684 -0.443101 0.693802 -0.567594 -0.568922 0.598553 -0.564041 -0.679155 0.468383 -0.565159 -0.75553 0.333839 -0.563633 -0.799866 0.169315 -0.575602 -0.818668 0.0233905 -0.573756 -0.803924 -0.152569 -0.574725 -0.764033 -0.291616 -0.575684 -0.693802 -0.443101 -0.567594 -0.598553 -0.568922 -0.564041 -0.468383 -0.679155 -0.565158 -0.333839 -0.75553 -0.563633 -0.169315 -0.799867 -0.575602 -0.0233905 -0.818668 -0.573756 0.152569 -0.803924 -0.574724 0.291616 -0.764033 -0.575684 0.443101 -0.693803 -0.567594 0.568922 -0.598553 -0.564041 0.679155 -0.468383 -0.565159 0.75553 -0.333839 -0.563633 0.799867 -0.169315 -0.575602 0.818668 -0.0233905 -0.573756 0.897753 -0.0175083 -0.440122 0.881396 0.163967 -0.44325 0.835416 0.332412 -0.437671 0.755877 0.482545 -0.442809 0.640693 0.62611 -0.44414 0.512276 0.736227 -0.442159 0.350969 0.822211 -0.448261 0.191157 0.877861 -0.43893 0.0175083 0.897753 -0.440122 -0.163967 0.881396 -0.44325 -0.332412 0.835417 -0.437671 -0.482545 0.755877 -0.442809 -0.62611 0.640692 -0.44414 -0.736227 0.512276 -0.442159 -0.822211 0.350969 -0.448261 -0.877861 0.191157 -0.43893 -0.897753 0.0175083 -0.440122 -0.881396 -0.163967 -0.44325 -0.835417 -0.332412 -0.437671 -0.755877 -0.482545 -0.442809 -0.640692 -0.62611 -0.44414 -0.512276 -0.736226 -0.442159 -0.350969 -0.822211 -0.448261 -0.191157 -0.877862 -0.438931 -0.0175083 -0.897753 -0.440122 0.163967 -0.881396 -0.44325 0.332412 -0.835416 -0.437671 0.482545 -0.755877 -0.44281 0.62611 -0.640693 -0.44414 0.736226 -0.512276 -0.442159 0.822211 -0.350969 -0.448261 0.877862 -0.191157 -0.438931 0.897753 -0.0175083 -0.440122 0.954253 -0.025761 -0.297622 0.941912 0.160412 -0.294855 0.888445 0.345521 -0.302432 0.810916 0.505617 -0.294586 0.687884 0.660694 -0.300167 0.552604 0.780771 -0.291259 0.391904 0.87244 -0.291792 0.206174 0.930216 -0.303578 0.025761 0.954253 -0.297622 -0.160412 0.941912 -0.294855 -0.345521 0.888445 -0.302432 -0.505617 0.810916 -0.294586 -0.660694 0.687883 -0.300167 -0.780771 0.552604 -0.291259 -0.87244 0.391904 -0.291792 -0.930216 0.206174 -0.303578 -0.954253 0.025761 -0.297622 -0.941912 -0.160412 -0.294855 -0.888445 -0.345521 -0.302432 -0.810916 -0.505617 -0.294586 -0.687883 -0.660694 -0.300167 -0.552604 -0.78077 -0.291259 -0.391904 -0.87244 -0.291792 -0.206174 -0.930216 -0.303578 -0.025761 -0.954253 -0.297622 0.160412 -0.941912 -0.294855 0.345521 -0.888445 -0.302432 0.505617 -0.810916 -0.294586 0.660694 -0.687884 -0.300167 0.78077 -0.552604 -0.291259 0.87244 -0.391904 -0.291792 0.930216 -0.206174 -0.303578 0.954253 -0.025761 -0.297622 0.997039 -0.0379898 -0.0674513 0.985297 0.15515 -0.0701047 0.936986 0.343751 -0.06133 0.850751 0.52165 -0.0629049 0.741444 0.667147 -0.0720216 0.571479 0.817108 -0.076783 0.426471 0.9019 -0.0699948 0.2339 0.970309 -0.0607387 0.0379898 0.997039 -0.0674513 -0.15515 0.985297 -0.0701047 -0.343751 0.936987 -0.06133 -0.52165 0.85075 -0.0629048 -0.667147 0.741443 -0.0720216 -0.817108 0.571479 -0.0767831 -0.9019 0.426471 -0.0699948 -0.970309 0.2339 -0.0607387 -0.997039 0.0379898 -0.0674513 -0.985297 -0.15515 -0.0701047 -0.936987 -0.343751 -0.06133 -0.85075 -0.52165 -0.0629048 -0.741443 -0.667147 -0.0720217 -0.571479 -0.817108 -0.0767831 -0.426471 -0.9019 -0.0699947 -0.2339 -0.97031 -0.0607387 -0.0379898 -0.997039 -0.0674513 0.15515 -0.985297 -0.0701047 0.343751 -0.936986 -0.06133 0.52165 -0.850751 -0.0629048 0.667147 -0.741444 -0.0720217 0.817108 -0.571479 -0.076783 0.9019 -0.426471 -0.0699947 0.97031 -0.2339 -0.0607387 0.997039 -0.0379898 -0.0674513 0.727423 -0.0407901 0.684933 0.714773 0.0935217 0.693063 0.696568 0.245458 0.674179 0.62876 0.371847 0.682847 0.552217 0.472378 0.686944 0.42265 0.578706 0.697373 0.321061 0.648811 0.68978 0.187151 0.715184 0.67341 0.0407901 0.727423 0.684933 -0.0935217 0.714773 0.693063 -0.245458 0.696569 0.674179 -0.371847 0.62876 0.682847 -0.472378 0.552217 0.686944 -0.578706 0.42265 0.697373 -0.648811 0.321061 0.68978 -0.715184 0.187151 0.67341 -0.727423 0.0407901 0.684933 -0.714773 -0.0935217 0.693063 -0.696569 -0.245458 0.674179 -0.62876 -0.371847 0.682847 -0.552217 -0.472378 0.686945 -0.42265 -0.578705 0.697373 -0.321061 -0.648811 0.68978 -0.187151 -0.715185 0.67341 -0.0407901 -0.727423 0.684933 0.0935217 -0.714773 0.693063 0.245458 -0.696568 0.674179 0.371847 -0.62876 0.682847 0.472378 -0.552217 0.686944 0.578705 -0.42265 0.697373 0.648811 -0.321061 0.68978 0.715185 -0.187151 0.67341 0.727423 -0.0407901 0.684933 -0.479375 -0.01625 0.8775 -0.475611 -0.104796 0.873297 -0.428415 -0.206274 0.879749 -0.382336 -0.265294 0.885181 -0.32154 -0.345655 0.881555 -0.264256 -0.4129 0.871678 -0.167764 -0.455359 0.874325 -0.0785035 -0.46317 0.882728 0.01625 -0.479375 0.8775 0.104796 -0.475611 0.873297 0.206274 -0.428415 0.879749 0.265294 -0.382336 0.885181 0.345655 -0.32154 0.881555 0.4129 -0.264256 0.871678 0.455359 -0.167764 0.874325 0.46317 -0.0785035 0.882728 0.479375 0.01625 0.8775 0.475611 0.104796 0.873297 0.428415 0.206274 0.879749 0.382336 0.265294 0.885181 0.32154 0.345655 0.881555 0.264256 0.4129 0.871678 0.167764 0.455359 0.874325 0.0785035 0.46317 0.882728 -0.01625 0.479375 0.8775 -0.104796 0.475611 0.873297 -0.206274 0.428415 0.879749 -0.265294 0.382336 0.885181 -0.345655 0.32154 0.881555 -0.4129 0.264256 0.871678 -0.455359 0.167764 0.874325 -0.46317 0.0785035 0.882728 -0.479375 -0.01625 0.8775 -0.722288 0.0142463 0.691422 -0.710698 -0.117272 0.693743 -0.680505 -0.265425 0.682858 -0.609634 -0.411249 0.677693 -0.521713 -0.486462 0.700788 -0.410417 -0.583519 0.700781 -0.301548 -0.658832 0.689321 -0.151739 -0.712329 0.685166 -0.0142463 -0.722289 0.691422 0.117272 -0.710698 0.693743 0.265425 -0.680505 0.682859 0.411249 -0.609634 0.677693 0.486462 -0.521713 0.700788 0.583519 -0.410417 0.700781 0.658832 -0.301548 0.689321 0.712329 -0.151739 0.685166 0.722289 -0.0142463 0.691422 0.710698 0.117272 0.693743 0.680505 0.265425 0.682859 0.609634 0.411249 0.677693 0.521713 0.486462 0.700787 0.410417 0.583519 0.700781 0.301548 0.658833 0.689321 0.151739 0.712329 0.685166 0.0142463 0.722289 0.691422 -0.117272 0.710698 0.693743 -0.265425 0.680505 0.682858 -0.411249 0.609634 0.677693 -0.486462 0.521713 0.700788 -0.583519 0.410417 0.700781 -0.658833 0.301548 0.689321 -0.712329 0.151739 0.685166 -0.722288 0.0142463 0.691422 -0.549191 0.024229 0.835324 -0.542298 -0.0901903 0.835224 -0.511503 -0.176457 0.840964 -0.463426 -0.300539 0.833556 -0.411237 -0.376769 0.830002 -0.323457 -0.453996 0.830208 -0.236759 -0.494007 0.836624 -0.116548 -0.536584 0.83584 -0.024229 -0.549191 0.835325 0.0901903 -0.542298 0.835224 0.176457 -0.511503 0.840964 0.300539 -0.463426 0.833556 0.376769 -0.411237 0.830001 0.453996 -0.323457 0.830207 0.494007 -0.236759 0.836624 0.536584 -0.116548 0.83584 0.549191 -0.024229 0.835324 0.542298 0.0901904 0.835224 0.511503 0.176457 0.840964 0.463426 0.300539 0.833556 0.411237 0.376769 0.830001 0.323457 0.453995 0.830207 0.236759 0.494007 0.836625 0.116548 0.536584 0.83584 0.024229 0.549191 0.835324 -0.0901904 0.542298 0.835224 -0.176457 0.511503 0.840964 -0.300539 0.463426 0.833556 -0.376769 0.411237 0.830001 -0.453995 0.323457 0.830208 -0.494007 0.236759 0.836624 -0.536584 0.116548 0.83584 -0.549191 0.024229 0.835324 -0.449738 0.0178114 0.893045 -0.443459 -0.0790322 0.892772 -0.41969 -0.154172 0.894577 -0.382381 -0.231109 0.894557 -0.324187 -0.310679 0.893515 -0.260456 -0.360298 0.895681 -0.183883 -0.404543 0.895806 -0.101495 -0.436872 0.893847 -0.0178114 -0.449738 0.893045 0.0790322 -0.443459 0.892772 0.154172 -0.41969 0.894577 0.231109 -0.382381 0.894558 0.310679 -0.324187 0.893515 0.360298 -0.260456 0.89568 0.404543 -0.183883 0.895805 0.436872 -0.101496 0.893847 0.449738 -0.0178114 0.893045 0.443459 0.0790322 0.892772 0.41969 0.154172 0.894577 0.382381 0.231109 0.894557 0.324187 0.310679 0.893515 0.260456 0.360298 0.89568 0.183883 0.404543 0.895805 0.101496 0.436872 0.893847 0.0178114 0.449738 0.893045 -0.0790322 0.443459 0.892772 -0.154172 0.41969 0.894577 -0.231109 0.382381 0.894557 -0.310679 0.324187 0.893515 -0.360298 0.260456 0.895681 -0.404543 0.183883 0.895806 -0.436872 0.101495 0.893847 -0.449738 0.0178114 0.893045 -0.347382 0.0177638 0.937536 -0.345219 -0.0532623 0.937022 -0.329254 -0.121304 0.936416 -0.309054 -0.168048 0.936177 -0.260638 -0.237884 0.935676 -0.207941 -0.286176 0.935392 -0.149258 -0.321479 0.935096 -0.0938707 -0.337168 0.936792 -0.0177638 -0.347382 0.937536 0.0532623 -0.345219 0.937022 0.121304 -0.329254 0.936416 0.168048 -0.309054 0.936177 0.237884 -0.260638 0.935677 0.286176 -0.207941 0.935392 0.321479 -0.149258 0.935096 0.337168 -0.0938707 0.936792 0.347382 -0.0177638 0.937536 0.345219 0.0532623 0.937022 0.329254 0.121304 0.936416 0.309054 0.168048 0.936177 0.260638 0.237884 0.935677 0.207941 0.286177 0.935392 0.149258 0.321479 0.935097 0.0938707 0.337168 0.936792 0.0177638 0.347382 0.937536 -0.0532623 0.345219 0.937022 -0.121304 0.329254 0.936416 -0.168048 0.309054 0.936177 -0.237884 0.260638 0.935677 -0.286177 0.207941 0.935392 -0.321479 0.149258 0.935096 -0.337168 0.0938707 0.936792 -0.347382 0.0177638 0.937536 -0.133724 0.00621972 0.991009 -0.131938 -0.019308 0.991142 -0.124393 -0.052376 0.990779 -0.115848 -0.0643599 0.991142 -0.0995617 -0.0840052 0.991469 -0.0736325 -0.108848 0.991371 -0.0595977 -0.119195 0.991088 -0.0383996 -0.127999 0.990924 -0.00621972 -0.133724 0.991009 0.019308 -0.131938 0.991142 0.052376 -0.124393 0.990779 0.0643599 -0.115848 0.991142 0.0840052 -0.0995617 0.991469 0.108848 -0.0736325 0.991371 0.119195 -0.0595977 0.991089 0.127999 -0.0383996 0.990925 0.133724 -0.00621972 0.991009 0.131938 0.019308 0.991142 0.124393 0.052376 0.99078 0.115848 0.0643599 0.991142 0.0995617 0.0840052 0.991469 0.0736325 0.108848 0.991371 0.0595977 0.119195 0.991089 0.0383996 0.127999 0.990925 0.00621972 0.133724 0.991009 -0.019308 0.131938 0.991142 -0.052376 0.124393 0.99078 -0.0643599 0.115848 0.991142 -0.0840052 0.0995617 0.991469 -0.108848 0.0736325 0.991371 -0.119195 0.0595977 0.991088 -0.127999 0.0383996 0.990924 -0.133724 0.00621972 0.991009 5.24551e-10 -2.88503e-09 1.00005 5.24551e-10 -2.88503e-09 1.00005 5.24551e-10 -2.88503e-09 1.00005 5.24551e-10 -2.88503e-09 1.00005 5.24551e-10 -2.88503e-09 1.00005 5.24551e-10 -2.88503e-09 1.00005 5.24551e-10 -2.88503e-09 1.00005 5.24551e-10 -2.88503e-09 1.00005 5.24551e-10 -2.88503e-09 1.00005 5.24551e-10 -2.88503e-09 1.00005 5.24551e-10 -2.88503e-09 1.00005 5.24551e-10 -2.88503e-09 1.00005 5.24551e-10 -2.88503e-09 1.00005 5.24551e-10 -2.88503e-09 1.00005 5.24551e-10 -2.88503e-09 1.00005 5.24551e-10 -2.88503e-09 1.00005 5.24551e-10 -2.88503e-09 1.00005 5.24551e-10 -2.88503e-09 1.00005 5.24551e-10 -2.88503e-09 1.00005 5.24551e-10 -2.88503e-09 1.00005 5.24551e-10 -2.88503e-09 1.00005 5.24551e-10 -2.88503e-09 1.00005 5.24551e-10 -2.88503e-09 1.00005 5.24551e-10 -2.88503e-09 1.00005 5.24551e-10 -2.88503e-09 1.00005 5.24551e-10 -2.88503e-09 1.00005 5.24551e-10 -2.88503e-09 1.00005 5.24551e-10 -2.88503e-09 1.00005 5.24551e-10 -2.88503e-09 1.00005 5.24551e-10 -2.88503e-09 1.00005 5.24551e-10 -2.88503e-09 1.00005 5.24551e-10 -2.88503e-09 1.00005 5.24551e-10 -2.88503e-09 1.00005</float_array>
					<technique_common>
						<accessor count="1089" source="#prim0-normals-array" stride="3">
							<param name="X" type="float"/>
							<param name="Y" type="float"/>
							<param name="Z" type="float"/>
						</accessor>
					</technique_common>
				</source>
				<source id="prim0-map0">
					<float_array id="prim0-map0-array" count="2178">0 0 0.03125 0 0.0625 0 0.09375 0 0.125 0 0.15625 0 0.1875 0 0.21875 0 0.25 0 0.28125 0 0.3125 0 0.34375 0 0.375 0 0.40625 0 0.4375 0 0.46875 0 0.5 0 0.53125 0 0.5625 0 0.59375 0 0.625 0 0.65625 0 0.6875 0 0.71875 0 0.75 0 0.78125 0 0.8125 0 0.84375 0 0.875 0 0.90625 0 0.9375 0 0.96875 0 1 0 0 0.03125 0.03125 0.03125 0.0625 0.03125 0.09375 0.03125 0.125 0.03125 0.15625 0.03125 0.1875 0.03125 0.21875 0.03125 0.25 0.03125 0.28125 0.03125 0.3125 0.03125 0.34375 0.03125 0.375 0.03125 0.40625 0.03125 0.4375 0.03125 0.46875 0.03125 0.5 0.03125 0.53125 0.03125 0.5625 0.03125 0.59375 0.03125 0.625 0.03125 0.65625 0.03125 0.6875 0.03125 0.71875 0.03125 0.75 0.03125 0.78125 0.03125 0.8125 0.03125 0.84375 0.03125 0.875 0.03125 0.90625 0.03125 0.9375 0.03125 0.96875 0.03125 1 0.03125 0 0.0625 0.03125 0.0625 0.0625 0.0625 0.09375 0.0625 0.125 0.0625 0.15625 0.0625 0.1875 0.0625 0.21875 0.0625 0.25 0.0625 0.28125 0.0625 0.3125 0.0625 0.34375 0.0625 0.375 0.0625 0.40625 0.0625 0.4375 0.0625 0.46875 0.0625 0.5 0.0625 0.53125 0.0625 0.5625 0.0625 0.59375 0.0625 0.625 0.0625 0.65625 0.0625 0.6875 0.0625 0.71875 0.0625 0.75 0.0625 0.78125 0.0625 0.8125 0.0625 0.84375 0.0625 0.875 0.0625 0.90625 0.0625 0.9375 0.0625 0.96875 0.0625 1 0.0625 0 0.09375 0.03125 0.09375 0.0625 0.09375 0.09375 0.09375 0.125 0.09375 0.15625 0.09375 0.1875 0.09375 0.21875 0.09375 0.25 0.09375 0.28125 0.09375 0.3125 0.09375 0.34375 0.09375 0.375 0.09375 0.40625 0.09375 0.4375 0.09375 0.46875 0.09375 0.5 0.09375 0.53125 0.09375 0.5625 0.09375 0.59375 0.09375 0.625 0.09375 0.65625 0.09375 0.6875 0.09375 0.71875 0.09375 0.75 0.09375 0.78125 0.09375 0.8125 0.09375 0.84375 0.09375 0.875 0.09375 0.90625 0.09375 0.9375 0.09375 0.96875 0.09375 1 0.09375 0 0.125 0.03125 0.125 0.0625 0.125 0.09375 0.125 0.125 0.125 0.15625 0.125 0.1875 0.125 0.21875 0.125 0.25 0.125 0.28125 0.125 0.3125 0.125 0.34375 0.125 0.375 0.125 0.40625 0.125 0.4375 0.125 0.46875 0.125 0.5 0.125 0.53125 0.125 0.5625 0.125 0.59375 0.125 0.625 0.125 0.65625 0.125 0.6875 0.125 0.71875 0.125 0.75 0.125 0.78125 0.125 0.8125 0.125 0.84375 0.125 0.875 0.125 0.90625 0.125 0.9375 0.125 0.96875 0.125 1 0.125 0 0.15625 0.03125 0.15625 0.0625 0.15625 0.09375 0.15625 0.125 0.15625 0.15625 0.15625 0.1875 0.15625 0.21875 0.15625 0.25 0.15625 0.28125 0.15625 0.3125 0.15625 0.34375 0.15625 0.375 0.15625 0.40625 0.15625 0.4375 0.15625 0.46875 0.15625 0.5 0.15625 0.53125 0.15625 0.5625 0.15625 0.59375 0.15625 0.625 0.15625 0.65625 0.15625 0.6875 0.15625 0.71875 0.15625 0.75 0.15625 0.78125 0.15625 0.8125 0.15625 0.84375 0.15625 0.875 0.15625 0.90625 0.15625 0.9375 0.15625 0.96875 0.15625 1 0.15625 0 0.1875 0.03125 0.1875 0.0625 0.1875 0.09375 0.1875 0.125 0.1875 0.15625 0.1875 0.1875 0.1875 0.21875 0.1875 0.25 0.1875 0.28125 0.1875 0.3125 0.1875 0.34375 0.1875 0.375 0.1875 0.40625 0.1875 0.4375 0.1875 0.46875 0.1875 0.5 0.1875 0.53125 0.1875 0.5625 0.1875 0.59375 0.1875 0.625 0.1875 0.65625 0.1875 0.6875 0.1875 0.71875 0.1875 0.75 0.1875 0.78125 0.1875 0.8125 0.1875 0.84375 0.1875 0.875 0.1875 0.90625 0.1875 0.9375 0.1875 0.96875 0.1875 1 0.1875 0 0.21875 0.03125 0.21875 0.0625 0.21875 0.09375 0.21875 0.125 0.21875 0.15625 0.21875 0.1875 0.21875 0.21875 0.21875 0.25 0.21875 0.28125 0.21875 0.3125 0.21875 0.34375 0.21875 0.375 0.21875 0.40625 0.21875 0.4375 0.21875 0.46875 0.21875 0.5 0.21875 0.53125 0.21875 0.5625 0.21875 0.59375 0.21875 0.625 0.21875 0.65625 0.21875 0.6875 0.21875 0.71875 0.21875 0.75 0.21875 0.78125 0.21875 0.8125 0.21875 0.84375 0.21875 0.875 0.21875 0.90625 0.21875 0.9375 0.21875 0.96875 0.21875 1 0.21875 0 0.25 0.03125 0.25 0.0625 0.25 0.09375 0.25 0.125 0.25 0.15625 0.25 0.1875 0.25 0.21875 0.25 0.25 0.25 0.28125 0.25 0.3125 0.25 0.34375 0.25 0.375 0.25 0.40625 0.25 0.4375 0.25 0.46875 0.25 0.5 0.25 0.53125 0.25 0.5625 0.25 0.59375 0.25 0.625 0.25 0.65625 0.25 0.6875 0.25 0.71875 0.25 0.75 0.25 0.78125 0.25 0.8125 0.25 0.84375 0.25 0.875 0.25 0.90625 0.25 0.9375 0.25 0.96875 0.25 1 0.25 0 0.28125 0.03125 0.28125 0.0625 0.28125 0.09375 0.28125 0.125 0.28125 0.15625 0.28125 0.1875 0.28125 0.21875 0.28125 0.25 0.28125 0.28125 0.28125 0.3125 0.28125 0.34375 0.28125 0.375 0.28125 0.40625 0.28125 0.4375 0.28125 0.46875 0.28125 0.5 0.28125 0.53125 0.28125 0.5625 0.28125 0.59375 0.28125 0.625 0.28125 0.65625 0.28125 0.6875 0.28125 0.71875 0.28125 0.75 0.28125 0.78125 0.28125 0.8125 0.28125 0.84375 0.28125 0.875 0.28125 0.90625 0.28125 0.9375 0.28125 0.96875 0.28125 1 0.28125 0 0.3125 0.03125 0.3125 0.0625 0.3125 0.09375 0.3125 0.125 0.3125 0.15625 0.3125 0.1875 0.3125 0.21875 0.3125 0.25 0.3125 0.28125 0.3125 0.3125 0.3125 0.34375 0.3125 0.375 0.3125 0.40625 0.3125 0.4375 0.3125 0.46875 0.3125 0.5 0.3125 0.53125 0.3125 0.5625 0.3125 0.59375 0.3125 0.625 0.3125 0.65625 0.3125 0.6875 0.3125 0.71875 0.3125 0.75 0.3125 0.78125 0.3125 0.8125 0.3125 0.84375 0.3125 0.875 0.3125 0.90625 0.3125 0.9375 0.3125 0.96875 0.3125 1 0.3125 0 0.34375 0.03125 0.34375 0.0625 0.34375 0.09375 0.34375 0.125 0.34375 0.15625 0.34375 0.1875 0.34375 0.21875 0.34375 0.25 0.34375 0.28125 0.34375 0.3125 0.34375 0.34375 0.34375 0.375 0.34375 0.40625 0.34375 0.4375 0.34375 0.46875 0.34375 0.5 0.34375 0.53125 0.34375 0.5625 0.34375 0.59375 0.34375 0.625 0.34375 0.65625 0.34375 0.6875 0.34375 0.71875 0.34375 0.75 0.34375 0.78125 0.34375 0.8125 0.34375 0.84375 0.34375 0.875 0.34375 0.90625 0.34375 0.9375 0.34375 0.96875 0.34375 1 0.34375 0 0.375 0.03125 0.375 0.0625 0.375 0.09375 0.375 0.125 0.375 0.15625 0.375 0.1875 0.375 0.21875 0.375 0.25 0.375 0.28125 0.375 0.3125 0.375 0.34375 0.375 0.375 0.375 0.40625 0.375 0.4375 0.375 0.46875 0.375 0.5 0.375 0.53125 0.375 0.5625 0.375 0.59375 0.375 0.625 0.375 0.65625 0.375 0.6875 0.375 0.71875 0.375 0.75 0.375 0.78125 0.375 0.8125 0.375 0.84375 0.375 0.875 0.375 0.90625 0.375 0.9375 0.375 0.96875 0.375 1 0.375 0 0.40625 0.03125 0.40625 0.0625 0.40625 0.09375 0.40625 0.125 0.40625 0.15625 0.40625 0.1875 0.40625 0.21875 0.40625 0.25 0.40625 0.28125 0.40625 0.3125 0.40625 0.34375 0.40625 0.375 0.40625 0.40625 0.40625 0.4375 0.40625 0.46875 0.40625 0.5 0.40625 0.53125 0.40625 0.5625 0.40625 0.59375 0.40625 0.625 0.40625 0.65625 0.40625 0.6875 0.40625 0.71875 0.40625 0.75 0.40625 0.78125 0.40625 0.8125 0.40625 0.84375 0.40625 0.875 0.40625 0.90625 0.40625 0.9375 0.40625 0.96875 0.40625 1 0.40625 0 0.4375 0.03125 0.4375 0.0625 0.4375 0.09375 0.4375 0.125 0.4375 0.15625 0.4375 0.1875 0.4375 0.21875 0.4375 0.25 0.4375 0.28125 0.4375 0.3125 0.4375 0.34375 0.4375 0.375 0.4375 0.40625 0.4375 0.4375 0.4375 0.46875 0.4375 0.5 0.4375 0.53125 0.4375 0.5625 0.4375 0.59375 0.4375 0.625 0.4375 0.65625 0.4375 0.6875 0.4375 0.71875 0.4375 0.75 0.4375 0.78125 0.4375 0.8125 0.4375 0.84375 0.4375 0.875 0.4375 0.90625 0.4375 0.9375 0.4375 0.96875 0.4375 1 0.4375 0 0.46875 0.03125 0.46875 0.0625 0.46875 0.09375 0.46875 0.125 0.46875 0.15625 0.46875 0.1875 0.46875 0.21875 0.46875 0.25 0.46875 0.28125 0.46875 0.3125 0.46875 0.34375 0.46875 0.375 0.46875 0.40625 0.46875 0.4375 0.46875 0.46875 0.46875 0.5 0.46875 0.53125 0.46875 0.5625 0.46875 0.59375 0.46875 0.625 0.46875 0.65625 0.46875 0.6875 0.46875 0.71875 0.46875 0.75 0.46875 0.78125 0.46875 0.8125 0.46875 0.84375 0.46875 0.875 0.46875 0.90625 0.46875 0.9375 0.46875 0.96875 0.46875 1 0.46875 0 0.5 0.03125 0.5 0.0625 0.5 0.09375 0.5 0.125 0.5 0.15625 0.5 0.1875 0.5 0.21875 0.5 0.25 0.5 0.28125 0.5 0.3125 0.5 0.34375 0.5 0.375 0.5 0.40625 0.5 0.4375 0.5 0.46875 0.5 0.5 0.5 0.53125 0.5 0.5625 0.5 0.59375 0.5 0.625 0.5 0.65625 0.5 0.6875 0.5 0.71875 0.5 0.75 0.5 0.78125 0.5 0.8125 0.5 0.84375 0.5 0.875 0.5 0.90625 0.5 0.9375 0.5 0.96875 0.5 1 0.5 0 0.53125 0.03125 0.53125 0.0625 0.53125 0.09375 0.53125 0.125 0.53125 0.15625 0.53125 0.1875 0.53125 0.21875 0.53125 0.25 0.53125 0.28125 0.53125 0.3125 0.53125 0.34375 0.53125 0.375 0.53125 0.40625 0.53125 0.4375 0.53125 0.46875 0.53125 0.5 0.53125 0.53125 0.53125 0.5625 0.53125 0.59375 0.53125 0.625 0.53125 0.65625 0.53125 0.6875 0.53125 0.71875 0.53125 0.75 0.53125 0.78125 0.53125 0.8125 0.53125 0.84375 0.53125 0.875 0.53125 0.90625 0.53125 0.9375 0.53125 0.96875 0.53125 1 0.53125 0 0.5625 0.03125 0.5625 0.0625 0.5625 0.09375 0.5625 0.125 0.5625 0.15625 0.5625 0.1875 0.5625 0.21875 0.5625 0.25 0.5625 0.28125 0.5625 0.3125 0.5625 0.34375 0.5625 0.375 0.5625 0.40625 0.5625 0.4375 0.5625 0.46875 0.5625 0.5 0.5625 0.53125 0.5625 0.5625 0.5625 0.59375 0.5625 0.625 0.5625 0.65625 0.5625 0.6875 0.5625 0.71875 0.5625 0.75 0.5625 0.78125 0.5625 0.8125 0.5625 0.84375 0.5625 0.875 0.5625 0.90625 0.5625 0.9375 0.5625 0.96875 0.5625 1 0.5625 0 0.59375 0.03125 0.59375 0.0625 0.59375 0.09375 0.59375 0.125 0.59375 0.15625 0.59375 0.1875 0.59375 0.21875 0.59375 0.25 0.59375 0.28125 0.59375 0.3125 0.59375 0.34375 0.59375 0.375 0.59375 0.40625 0.59375 0.4375 0.59375 0.46875 0.59375 0.5 0.59375 0.53125 0.59375 0.5625 0.59375 0.59375 0.59375 0.625 0.59375 0.65625 0.59375 0.6875 0.59375 0.71875 0.59375 0.75 0.59375 0.78125 0.59375 0.8125 0.59375 0.84375 0.59375 0.875 0.59375 0.90625 0.59375 0.9375 0.59375 0.96875 0.59375 1 0.59375 0 0.625 0.03125 0.625 0.0625 0.625 0.09375 0.625 0.125 0.625 0.15625 0.625 0.1875 0.625 0.21875 0.625 0.25 0.625 0.28125 0.625 0.3125 0.625 0.34375 0.625 0.375 0.625 0.40625 0.625 0.4375 0.625 0.46875 0.625 0.5 0.625 0.53125 0.625 0.5625 0.625 0.59375 0.625 0.625 0.625 0.65625 0.625 0.6875 0.625 0.71875 0.625 0.75 0.625 0.78125 0.625 0.8125 0.625 0.84375 0.625 0.875 0.625 0.90625 0.625 0.9375 0.625 0.96875 0.625 1 0.625 0 0.65625 0.03125 0.65625 0.0625 0.65625 0.09375 0.65625 0.125 0.65625 0.15625 0.65625 0.1875 0.65625 0.21875 0.65625 0.25 0.65625 0.28125 0.65625 0.3125 0.65625 0.34375 0.65625 0.375 0.65625 0.40625 0.65625 0.4375 0.65625 0.46875 0.65625 0.5 0.65625 0.53125 0.65625 0.5625 0.65625 0.59375 0.65625 0.625 0.65625 0.65625 0.65625 0.6875 0.65625 0.71875 0.65625 0.75 0.65625 0.78125 0.65625 0.8125 0.65625 0.84375 0.65625 0.875 0.65625 0.90625 0.65625 0.9375 0.65625 0.96875 0.65625 1 0.65625 0 0.6875 0.03125 0.6875 0.0625 0.6875 0.09375 0.6875 0.125 0.6875 0.15625 0.6875 0.1875 0.6875 0.21875 0.6875 0.25 0.6875 0.28125 0.6875 0.3125 0.6875 0.34375 0.6875 0.375 0.6875 0.40625 0.6875 0.4375 0.6875 0.46875 0.6875 0.5 0.6875 0.53125 0.6875 0.5625 0.6875 0.59375 0.6875 0.625 0.6875 0.65625 0.6875 0.6875 0.6875 0.71875 0.6875 0.75 0.6875 0.78125 0.6875 0.8125 0.6875 0.84375 0.6875 0.875 0.6875 0.90625 0.6875 0.9375 0.6875 0.96875 0.6875 1 0.6875 0 0.71875 0.03125 0.71875 0.0625 0.71875 0.09375 0.71875 0.125 0.71875 0.15625 0.71875 0.1875 0.71875 0.21875 0.71875 0.25 0.71875 0.28125 0.71875 0.3125 0.71875 0.34375 0.71875 0.375 0.71875 0.40625 0.71875 0.4375 0.71875 0.46875 0.71875 0.5 0.71875 0.53125 0.71875 0.5625 0.71875 0.59375 0.71875 0.625 0.71875 0.65625 0.71875 0.6875 0.71875 0.71875 0.71875 0.75 0.71875 0.78125 0.71875 0.8125 0.71875 0.84375 0.71875 0.875 0.71875 0.90625 0.71875 0.9375 0.71875 0.96875 0.71875 1 0.71875 0 0.75 0.03125 0.75 0.0625 0.75 0.09375 0.75 0.125 0.75 0.15625 0.75 0.1875 0.75 0.21875 0.75 0.25 0.75 0.28125 0.75 0.3125 0.75 0.34375 0.75 0.375 0.75 0.40625 0.75 0.4375 0.75 0.46875 0.75 0.5 0.75 0.53125 0.75 0.5625 0.75 0.59375 0.75 0.625 0.75 0.65625 0.75 0.6875 0.75 0.71875 0.75 0.75 0.75 0.78125 0.75 0.8125 0.75 0.84375 0.75 0.875 0.75 0.90625 0.75 0.9375 0.75 0.96875 0.75 1 0.75 0 0.78125 0.03125 0.78125 0.0625 0.78125 0.09375 0.78125 0.125 0.78125 0.15625 0.78125 0.1875 0.78125 0.21875 0.78125 0.25 0.78125 0.28125 0.78125 0.3125 0.78125 0.34375 0.78125 0.375 0.78125 0.40625 0.78125 0.4375 0.78125 0.46875 0.78125 0.5 0.78125 0.53125 0.78125 0.5625 0.78125 0.59375 0.78125 0.625 0.78125 0.65625 0.78125 0.6875 0.78125 0.71875 0.78125 0.75 0.78125 0.78125 0.78125 0.8125 0.78125 0.84375 0.78125 0.875 0.78125 0.90625 0.78125 0.9375 0.78125 0.96875 0.78125 1 0.78125 0 0.8125 0.03125 0.8125 0.0625 0.8125 0.09375 0.8125 0.125 0.8125 0.15625 0.8125 0.1875 0.8125 0.21875 0.8125 0.25 0.8125 0.28125 0.8125 0.3125 0.8125 0.34375 0.8125 0.375 0.8125 0.40625 0.8125 0.4375 0.8125 0.46875 0.8125 0.5 0.8125 0.53125 0.8125 0.5625 0.8125 0.59375 0.8125 0.625 0.8125 0.65625 0.8125 0.6875 0.8125 0.71875 0.8125 0.75 0.8125 0.78125 0.8125 0.8125 0.8125 0.84375 0.8125 0.875 0.8125 0.90625 0.8125 0.9375 0.8125 0.96875 0.8125 1 0.8125 0 0.84375 0.03125 0.84375 0.0625 0.84375 0.09375 0.84375 0.125 0.84375 0.15625 0.84375 0.1875 0.84375 0.21875 0.84375 0.25 0.84375 0.28125 0.84375 0.3125 0.84375 0.34375 0.84375 0.375 0.84375 0.40625 0.84375 0.4375 0.84375 0.46875 0.84375 0.5 0.84375 0.53125 0.84375 0.5625 0.84375 0.59375 0.84375 0.625 0.84375 0.65625 0.84375 0.6875 0.84375 0.71875 0.84375 0.75 0.84375 0.78125 0.84375 0.8125 0.84375 0.84375 0.84375 0.875 0.84375 0.90625 0.84375 0.9375 0.84375 0.96875 0.84375 1 0.84375 0 0.875 0.03125 0.875 0.0625 0.875 0.09375 0.875 0.125 0.875 0.15625 0.875 0.1875 0.875 0.21875 0.875 0.25 0.875 0.28125 0.875 0.3125 0.875 0.34375 0.875 0.375 0.875 0.40625 0.875 0.4375 0.875 0.46875 0.875 0.5 0.875 0.53125 0.875 0.5625 0.875 0.59375 0.875 0.625 0.875 0.65625 0.875 0.6875 0.875 0.71875 0.875 0.75 0.875 0.78125 0.875 0.8125 0.875 0.84375 0.875 0.875 0.875 0.90625 0.875 0.9375 0.875 0.96875 0.875 1 0.875 0 0.90625 0.03125 0.90625 0.0625 0.90625 0.09375 0.90625 0.125 0.90625 0.15625 0.90625 0.1875 0.90625 0.21875 0.90625 0.25 0.90625 0.28125 0.90625 0.3125 0.90625 0.34375 0.90625 0.375 0.90625 0.40625 0.90625 0.4375 0.90625 0.46875 0.90625 0.5 0.90625 0.53125 0.90625 0.5625 0.90625 0.59375 0.90625 0.625 0.90625 0.65625 0.90625 0.6875 0.90625 0.71875 0.90625 0.75 0.90625 0.78125 0.90625 0.8125 0.90625 0.84375 0.90625 0.875 0.90625 0.90625 0.90625 0.9375 0.90625 0.96875 0.90625 1 0.90625 0 0.9375 0.03125 0.9375 0.0625 0.9375 0.09375 0.9375 0.125 0.9375 0.15625 0.9375 0.1875 0.9375 0.21875 0.9375 0.25 0.9375 0.28125 0.9375 0.3125 0.9375 0.34375 0.9375 0.375 0.9375 0.40625 0.9375 0.4375 0.9375 0.46875 0.9375 0.5 0.9375 0.53125 0.9375 0.5625 0.9375 0.59375 0.9375 0.625 0.9375 0.65625 0.9375 0.6875 0.9375 0.71875 0.9375 0.75 0.9375 0.78125 0.9375 0.8125 0.9375 0.84375 0.9375 0.875 0.9375 0.90625 0.9375 0.9375 0.9375 0.96875 0.9375 1 0.9375 0 0.96875 0.03125 0.96875 0.0625 0.96875 0.09375 0.96875 0.125 0.96875 0.15625 0.96875 0.1875 0.96875 0.21875 0.96875 0.25 0.96875 0.28125 0.96875 0.3125 0.96875 0.34375 0.96875 0.375 0.96875 0.40625 0.96875 0.4375 0.96875 0.46875 0.96875 0.5 0.96875 0.53125 0.96875 0.5625 0.96875 0.59375 0.96875 0.625 0.96875 0.65625 0.96875 0.6875 0.96875 0.71875 0.96875 0.75 0.96875 0.78125 0.96875 0.8125 0.96875 0.84375 0.96875 0.875 0.96875 0.90625 0.96875 0.9375 0.96875 0.96875 0.96875 1 0.96875 0 1 0.03125 1 0.0625 1 0.09375 1 0.125 1 0.15625 1 0.1875 1 0.21875 1 0.25 1 0.28125 1 0.3125 1 0.34375 1 0.375 1 0.40625 1 0.4375 1 0.46875 1 0.5 1 0.53125 1 0.5625 1 0.59375 1 0.625 1 0.65625 1 0.6875 1 0.71875 1 0.75 1 0.78125 1 0.8125 1 0.84375 1 0.875 1 0.90625 1 0.9375 1 0.96875 1 1 1</float_array>
					<technique_common>
						<accessor count="1089" source="#prim0-map0-array" stride="2">
							<param name="S" type="float"/>
							<param name="T" type="float"/>
						</accessor>
					</technique_common>
				</source>
				<vertices id="prim0-vertices">
					<input semantic="POSITION" source="#prim0-positions"/>
				</vertices>
				<polylist count="2048" material="Material0-material">
					<input offset="0" semantic="VERTEX" source="#prim0-vertices" set="0"/>
					<input offset="0" semantic="NORMAL" source="#prim0-normals" set="0"/>
					<input offset="0" semantic="TEXCOORD" source="#prim0-map0" set="0"/>
					<vcount>3 3 3 3 3 3 3 3 3 3 3 3 3 3 3 3 3 3 3 3 3 3 3 3 3 3 3 3 3 3 3 3 3 3 3 3 3 3 3 3 3 3 3 3 3 3 3 3 3 3 3 3 3 3 3 3 3 3 3 3 3 3 3 3 3 3 3 3 3 3 3 3 3 3 3 3 3 3 3 3 3 3 3 3 3 3 3 3 3 3 3 3 3 3 3 3 3 3 3 3 3 3 3 3 3 3 3 3 3 3 3 3 3 3 3 3 3 3 3 3 3 3 3 3 3 3 3 3 3 3 3 3 3 3 3 3 3 3 3 3 3 3 3 3 3 3 3 3 3 3 3 3 3 3 3 3 3 3 3 3 3 3 3 3 3 3 3 3 3 3 3 3 3 3 3 3 3 3 3 3 3 3 3 3 3 3 3 3 3 3 3 3 3 3 3 3 3 3 3 3 3 3 3 3 3 3 3 3 3 3 3 3 3 3 3 3 3 3 3 3 3 3 3 3 3 3 3 3 3 3 3 3 3 3 3 3 3 3 3 3 3 3 3 3 3 3 3 3 3 3 3 3 3 3 3 3 3 3 3 3 3 3 3 3 3 3 3 3 3 3 3 3 3 3 3 3 3 3 3 3 3 3 3 3 3 3 3 3 3 3 3 3 3 3 3 3 3 3 3 3 3 3 3 3 3 3 3 3 3 3 3 3 3 3 3 3 3 3 3 3 3 3 3 3 3 3 3 3 3 3 3 3 3 3 3 3 3 3 3 3 3 3 3 3 3 3 3 3 3 3 3 3 3 3 3 3 3 3 3 3 3 3 3 3 3 3 3 3 3 3 3 3 3 3 3 3 3 3 3 3 3 3 3 3 3 3 3 3 3 3 3 3 3 3 3 3 3 3 3 3 3 3 3 3 3 3 3 3 3 3 3 3 3 3 3 3 3 3 3 3 3 3 3 3 3 3 3 3 3 3 3 3 3 3 3 3 3 3 3 3 3 3 3 3 3 3 3 3 3 3 3 3 3 3 3 3 3 3 3 3 3 3 3 3 3 3 3 3 3 3 3 3 3 3 3 3 3 3 3 3 3 3 3 3 3 3 3 3 3 3 3 3 3 3 3 3 3 3 3 3 3 3 3 3 3 3 3 3 3 3 3 3 3 3 3 3 3 3 3 3 3 3 3 3 3 3 3 3 3 3 3 3 3 3 3 3 3 3 3 3 3 3 3 3 3 3 3 3 3 3 3 3 3 3 3 3 3 3 3 3 3 3 3 3 3 3 3 3 3 3 3 3 3 3 3 3 3 3 3 3 3 3 3 3 3 3 3 3 3 3 3 3 3 3 3 3 3 3 3 3 3 3 3 3 3 3 3 3 3 3 3 3 3 3 3 3 3 3 3 3 3 3 3 3 3 3 3 3 3 3 3 3 3 3 3 3 3 3 3 3 3 3 3 3 3 3 3 3 3 3 3 3 3 3 3 3 3 3 3 3 3 3 3 3 3 3 3 3 3 3 3 3 3 3 3 3 3 3 3 3 3 3 3 3 3 3 3 3 3 3 3 3 3 3 3 3 3 3 3 3 3 3 3 3 3 3 3 3 3 3 3 3 3 3 3 3 3 3 3 3 3 3 3 3 3 3 3 3 3 3 3 3 3 3 3 3 3 3 3 3 3 3 3 3 3 3 3 3 3 3 3 3 3 3 3 3 3 3 3 3 3 3 3 3 3 3 3 3 3 3 3 3 3 3 3 3 3 3 3 3 3 3 3 3 3 3 3 3 3 3 3 3 3 3 3 3 3 3 3 3 3 3 3 3 3 3 3 3 3 3 3 3 3 3 3 3 3 3 3 3 3 3 3 3 3 3 3 3 3 3 3 3 3 3 3 3 3 3 3 3 3 3 3 3 3 3 3 3 3 3 3 3 3 3 3 3 3 3 3 3 3 3 3 3 3 3 3 3 3 3 3 3 3 3 3 3 3 3 3 3 3 3 3 3 3 3 3 3 3 3 3 3 3 3 3 3 3 3 3 3 3 3 3 3 3 3 3 3 3 3 3 3 3 3 3 3 3 3 3 3 3 3 3 3 3 3 3 3 3 3 3 3 3 3 3 3 3 3 3 3 3 3 3 3 3 3 3 3 3 3 3 3 3 3 3 3 3 3 3 3 3 3 3 3 3 3 3 3 3 3 3 3 3 3 3 3 3 3 3 3 3 3 3 3 3 3 3 3 3 3 3 3 3 3 3 3 3 3 3 3 3 3 3 3 3 3 3 3 3 3 3 3 3 3 3 3 3 3 3 3 3 3 3 3 3 3 3 3 3 3 3 3 3 3 3 3 3 3 3 3 3 3 3 3 3 3 3 3 3 3 3 3 3 3 3 3 3 3 3 3 3 3 3 3 3 3 3 3 3 3 3 3 3 3 3 3 3 3 3 3 3 3 3 3 3 3 3 3 3 3 3 3 3 3 3 3 3 3 3 3 3 3 3 3 3 3 3 3 3 3 3 3 3 3 3 3 3 3 3 3 3 3 3 3 3 3 3 3 3 3 3 3 3 3 3 3 3 3 3 3 3 3 3 3 3 3 3 3 3 3 3 3 3 3 3 3 3 3 3 3 3 3 3 3 3 3 3 3 3 3 3 3 3 3 3 3 3 3 3 3 3 3 3 3 3 3 3 3 3 3 3 3 3 3 3 3 3 3 3 3 3 3 3 3 3 3 3 3 3 3 3 3 3 3 3 3 3 3 3 3 3 3 3 3 3 3 3 3 3 3 3 3 3 3 3 3 3 3 3 3 3 3 3 3 3 3 3 3 3 3 3 3 3 3 3 3 3 3 3 3 3 3 3 3 3 3 3 3 3 3 3 3 3 3 3 3 3 3 3 3 3 3 3 3 3 3 3 3 3 3 3 3 3 3 3 3 3 3 3 3 3 3 3 3 3 3 3 3 3 3 3 3 3 3 3 3 3 3 3 3 3 3 3 3 3 3 3 3 3 3 3 3 3 3 3 3 3 3 3 3 3 3 3 3 3 3 3 3 3 3 3 3 3 3 3 3 3 3 3 3 3 3 3 3 3 3 3 3 3 3 3 3 3 3 3 3 3 3 3 3 3 3 3 3 3 3 3 3 3 3 3 3 3 3 3 3 3 3 3 3 3 3 3 3 3 3 3 3 3 3 3 3 3 3 3 3 3 3 3 3 3 3 3 3 3 3 3 3 3 3 3 3 3 3 3 3 3 3 3 3 3 3 3 3 3 3 3 3 3 3 3 3 3 3 3 3 3 3 3 3 3 3 3 3 3 3 3 3 3 3 3 3 3 3 3 3 3 3 3 3 3 3 3 3 3 3 3 3 3 3 3 3 3 3 3 3 3 3 3 3 3 3 3 3 3 3 3 3 3 3 3 3 3 3 3 3 3 3 3 3 3 3 3 3 3 3 3 3 3 3 3 3 3 3 3 3 3 3 3 3 3 3 3 3 3 3 3 3 3 3 3 3 3 3 3 3 3 3 3 3 3 3 3 3 3 3 3 3 3 3 3 3 3 3 3 3 3 3 3 3 3 3 3 3 3 3 3 3 3 3 3 3 3 3 3 3 3 3 3 3 3 3 3 3 3 3 3 3 3 3 3 3 3 3 3 3 3 3 3 3 3 3 3 3 3 3 3 3 3 3 3 3 3 3 3 3 3 3 3 3 3 3 3 3 3 3 3 3 3 3 3 3 3 3 3 3 3 3 3 3 3 3 3 3 3 3 3 3 3 3 3 3 3 3 3 3 3 3 3 3 3 3 3 3 3 3 3 3 3 3 3 3 3 3 3 3 3 3 3 3 3 3 3 3 3 3 3 3 3 3 3 3 3 3 3 3 3 3 3 3 3 3 3 3 3 3 3 3 3 3 3 3 3 3 3 3 3 3 3 3 3 3 3 3 3 3 3 3 3 3 3 3 3 3 3 3 3 3 3 3 3 3 3 3 3 3 3 3 3 3 3 3 3 3 3 3 3 3 3 3 3 3 3 3 3 3 3 3 3 3 3 3 3 3 3 3 3 3 3 3 3 3 3 3 3 3 3 3 3 3 3 3 3 3 3 3 3 3 3 3 3 3 3 3 3 3 3 3 3 3 3 3 3 3 3 3 3 3 3 3 3 3 3 3 3 3 3 3 3 3 3 3 3 3 3 3 3 3 3 3 3 3 3 3 3 3 3 3 3 3 3 3 3 3 3 3 3 3 3 3 3 3 3 3 3 3 3 3 3 3 3 3 3 3 3 3 3 3 3 3 3 3 3 3 3 3 3 3 3 3 3 3 3 3 3 3 3 3 3 3 3 3 3 3 3 3 3 3 3 3 3 3 3 3 3 3 3 3 3 3 3 3 3 3 3 3 3 3 3 3 3 3 3 3 3 3 3 3 3 3 3 3 3 3 3 3 3 3 3 3 3 3 3 3 3 3 3 3 3 3 3 3 3 3 3 3 3 3 3 3 3 3 3 3 3 3 3 3 3 3 3 3 3 3 3 3 3 3 3 3 3 3 3 3 3 3 3 3 3 3 3 3 3 3 3 3 3 3 3 3 3 3 3 3 3 3 3 3 3 3 3 3 3 3 3 3 3 3</vcount>
					<p>0 34 33 0 1 34 1 35 34 1 2 35 2 36 35 2 3 36 3 37 36 3 4 37 4 38 37 4 5 38 5 39 38 5 6 39 6 40 39 6 7 40 7 41 40 7 8 41 8 42 41 8 9 42 9 43 42 9 10 43 10 44 43 10 11 44 11 45 44 11 12 45 12 46 45 12 13 46 13 47 46 13 14 47 14 48 47 14 15 48 15 49 48 15 16 49 16 50 49 16 17 50 17 51 50 17 18 51 18 52 51 18 19 52 19 53 52 19 20 53 20 54 53 20 21 54 21 55 54 21 22 55 22 56 55 22 23 56 23 57 56 23 24 57 24 58 57 24 25 58 25 59 58 25 26 59 26 60 59 26 27 60 27 61 60 27 28 61 28 62 61 28 29 62 29 63 62 29 30 63 30 64 63 30 31 64 31 65 64 31 32 65 33 67 66 33 34 67 34 68 67 34 35 68 35 69 68 35 36 69 36 70 69 36 37 70 37 71 70 37 38 71 38 72 71 38 39 72 39 73 72 39 40 73 40 74 73 40 41 74 41 75 74 41 42 75 42 76 75 42 43 76 43 77 76 43 44 77 44 78 77 44 45 78 45 79 78 45 46 79 46 80 79 46 47 80 47 81 80 47 48 81 48 82 81 48 49 82 49 83 82 49 50 83 50 84 83 50 51 84 51 85 84 51 52 85 52 86 85 52 53 86 53 87 86 53 54 87 54 88 87 54 55 88 55 89 88 55 56 89 56 90 89 56 57 90 57 91 90 57 58 91 58 92 91 58 59 92 59 93 92 59 60 93 60 94 93 60 61 94 61 95 94 61 62 95 62 96 95 62 63 96 63 97 96 63 64 97 64 98 97 64 65 98 66 100 99 66 67 100 67 101 100 67 68 101 68 102 101 68 69 102 69 103 102 69 70 103 70 104 103 70 71 104 71 105 104 71 72 105 72 106 105 72 73 106 73 107 106 73 74 107 74 108 107 74 75 108 75 109 108 75 76 109 76 110 109 76 77 110 77 111 110 77 78 111 78 112 111 78 79 112 79 113 112 79 80 113 80 114 113 80 81 114 81 115 114 81 82 115 82 116 115 82 83 116 83 117 116 83 84 117 84 118 117 84 85 118 85 119 118 85 86 119 86 120 119 86 87 120 87 121 120 87 88 121 88 122 121 88 89 122 89 123 122 89 90 123 90 124 123 90 91 124 91 125 124 91 92 125 92 126 125 92 93 126 93 127 126 93 94 127 94 128 127 94 95 128 95 129 128 95 96 129 96 130 129 96 97 130 97 131 130 97 98 131 99 133 132 99 100 133 100 134 133 100 101 134 101 135 134 101 102 135 102 136 135 102 103 136 103 137 136 103 104 137 104 138 137 104 105 138 105 139 138 105 106 139 106 140 139 106 107 140 107 141 140 107 108 141 108 142 141 108 109 142 109 143 142 109 110 143 110 144 143 110 111 144 111 145 144 111 112 145 112 146 145 112 113 146 113 147 146 113 114 147 114 148 147 114 115 148 115 149 148 115 116 149 116 150 149 116 117 150 117 151 150 117 118 151 118 152 151 118 119 152 119 153 152 119 120 153 120 154 153 120 121 154 121 155 154 121 122 155 122 156 155 122 123 156 123 157 156 123 124 157 124 158 157 124 125 158 125 159 158 125 126 159 126 160 159 126 127 160 127 161 160 127 128 161 128 162 161 128 129 162 129 163 162 129 130 163 130 164 163 130 131 164 132 166 165 132 133 166 133 167 166 133 134 167 134 168 167 134 135 168 135 169 168 135 136 169 136 170 169 136 137 170 137 171 170 137 138 171 138 172 171 138 139 172 139 173 172 139 140 173 140 174 173 140 141 174 141 175 174 141 142 175 142 176 175 142 143 176 143 177 176 143 144 177 144 178 177 144 145 178 145 179 178 145 146 179 146 180 179 146 147 180 147 181 180 147 148 181 148 182 181 148 149 182 149 183 182 149 150 183 150 184 183 150 151 184 151 185 184 151 152 185 152 186 185 152 153 186 153 187 186 153 154 187 154 188 187 154 155 188 155 189 188 155 156 189 156 190 189 156 157 190 157 191 190 157 158 191 158 192 191 158 159 192 159 193 192 159 160 193 160 194 193 160 161 194 161 195 194 161 162 195 162 196 195 162 163 196 163 197 196 163 164 197 165 199 198 165 166 199 166 200 199 166 167 200 167 201 200 167 168 201 168 202 201 168 169 202 169 203 202 169 170 203 170 204 203 170 171 204 171 205 204 171 172 205 172 206 205 172 173 206 173 207 206 173 174 207 174 208 207 174 175 208 175 209 208 175 176 209 176 210 209 176 177 210 177 211 210 177 178 211 178 212 211 178 179 212 179 213 212 179 180 213 180 214 213 180 181 214 181 215 214 181 182 215 182 216 215 182 183 216 183 217 216 183 184 217 184 218 217 184 185 218 185 219 218 185 186 219 186 220 219 186 187 220 187 221 220 187 188 221 188 222 221 188 189 222 189 223 222 189 190 223 190 224 223 190 191 224 191 225 224 191 192 225 192 226 225 192 193 226 193 227 226 193 194 227 194 228 227 194 195 228 195 229 228 195 196 229 196 230 229 196 197 230 198 232 231 198 199 232 199 233 232 199 200 233 200 234 233 200 201 234 201 235 234 201 202 235 202 236 235 202 203 236 203 237 236 203 204 237 204 238 237 204 205 238 205 239 238 205 206 239 206 240 239 206 207 240 207 241 240 207 208 241 208 242 241 208 209 242 209 243 242 209 210 243 210 244 243 210 211 244 211 245 244 211 212 245 212 246 245 212 213 246 213 247 246 213 214 247 214 248 247 214 215 248 215 249 248 215 216 249 216 250 249 216 217 250 217 251 250 217 218 251 218 252 251 218 219 252 219 253 252 219 220 253 220 254 253 220 221 254 221 255 254 221 222 255 222 256 255 222 223 256 223 257 256 223 224 257 224 258 257 224 225 258 225 259 258 225 226 259 226 260 259 226 227 260 227 261 260 227 228 261 228 262 261 228 229 262 229 263 262 229 230 263 231 265 264 231 232 265 232 266 265 232 233 266 233 267 266 233 234 267 234 268 267 234 235 268 235 269 268 235 236 269 236 270 269 236 237 270 237 271 270 237 238 271 238 272 271 238 239 272 239 273 272 239 240 273 240 274 273 240 241 274 241 275 274 241 242 275 242 276 275 242 243 276 243 277 276 243 244 277 244 278 277 244 245 278 245 279 278 245 246 279 246 280 279 246 247 280 247 281 280 247 248 281 248 282 281 248 249 282 249 283 282 249 250 283 250 284 283 250 251 284 251 285 284 251 252 285 252 286 285 252 253 286 253 287 286 253 254 287 254 288 287 254 255 288 255 289 288 255 256 289 256 290 289 256 257 290 257 291 290 257 258 291 258 292 291 258 259 292 259 293 292 259 260 293 260 294 293 260 261 294 261 295 294 261 262 295 262 296 295 262 263 296 264 298 297 264 265 298 265 299 298 265 266 299 266 300 299 266 267 300 267 301 300 267 268 301 268 302 301 268 269 302 269 303 302 269 270 303 270 304 303 270 271 304 271 305 304 271 272 305 272 306 305 272 273 306 273 307 306 273 274 307 274 308 307 274 275 308 275 309 308 275 276 309 276 310 309 276 277 310 277 311 310 277 278 311 278 312 311 278 279 312 279 313 312 279 280 313 280 314 313 280 281 314 281 315 314 281 282 315 282 316 315 282 283 316 283 317 316 283 284 317 284 318 317 284 285 318 285 319 318 285 286 319 286 320 319 286 287 320 287 321 320 287 288 321 288 322 321 288 289 322 289 323 322 289 290 323 290 324 323 290 291 324 291 325 324 291 292 325 292 326 325 292 293 326 293 327 326 293 294 327 294 328 327 294 295 328 295 329 328 295 296 329 297 331 330 297 298 331 298 332 331 298 299 332 299 333 332 299 300 333 300 334 333 300 301 334 301 335 334 301 302 335 302 336 335 302 303 336 303 337 336 303 304 337 304 338 337 304 305 338 305 339 338 305 306 339 306 340 339 306 307 340 307 341 340 307 308 341 308 342 341 308 309 342 309 343 342 309 310 343 310 344 343 310 311 344 311 345 344 311 312 345 312 346 345 312 313 346 313 347 346 313 314 347 314 348 347 314 315 348 315 349 348 315 316 349 316 350 349 316 317 350 317 351 350 317 318 351 318 352 351 318 319 352 319 353 352 319 320 353 320 354 353 320 321 354 321 355 354 321 322 355 322 356 355 322 323 356 323 357 356 323 324 357 324 358 357 324 325 358 325 359 358 325 326 359 326 360 359 326 327 360 327 361 360 327 328 361 328 362 361 328 329 362 330 364 363 330 331 364 331 365 364 331 332 365 332 366 365 332 333 366 333 367 366 333 334 367 334 368 367 334 335 368 335 369 368 335 336 369 336 370 369 336 337 370 337 371 370 337 338 371 338 372 371 338 339 372 339 373 372 339 340 373 340 374 373 340 341 374 341 375 374 341 342 375 342 376 375 342 343 376 343 377 376 343 344 377 344 378 377 344 345 378 345 379 378 345 346 379 346 380 379 346 347 380 347 381 380 347 348 381 348 382 381 348 349 382 349 383 382 349 350 383 350 384 383 350 351 384 351 385 384 351 352 385 352 386 385 352 353 386 353 387 386 353 354 387 354 388 387 354 355 388 355 389 388 355 356 389 356 390 389 356 357 390 357 391 390 357 358 391 358 392 391 358 359 392 359 393 392 359 360 393 360 394 393 360 361 394 361 395 394 361 362 395 363 397 396 363 364 397 364 398 397 364 365 398 365 399 398 365 366 399 366 400 399 366 367 400 367 401 400 367 368 401 368 402 401 368 369 402 369 403 402 369 370 403 370 404 403 370 371 404 371 405 404 371 372 405 372 406 405 372 373 406 373 407 406 373 374 407 374 408 407 374 375 408 375 409 408 375 376 409 376 410 409 376 377 410 377 411 410 377 378 411 378 412 411 378 379 412 379 413 412 379 380 413 380 414 413 380 381 414 381 415 414 381 382 415 382 416 415 382 383 416 383 417 416 383 384 417 384 418 417 384 385 418 385 419 418 385 386 419 386 420 419 386 387 420 387 421 420 387 388 421 388 422 421 388 389 422 389 423 422 389 390 423 390 424 423 390 391 424 391 425 424 391 392 425 392 426 425 392 393 426 393 427 426 393 394 427 394 428 427 394 395 428 396 430 429 396 397 430 397 431 430 397 398 431 398 432 431 398 399 432 399 433 432 399 400 433 400 434 433 400 401 434 401 435 434 401 402 435 402 436 435 402 403 436 403 437 436 403 404 437 404 438 437 404 405 438 405 439 438 405 406 439 406 440 439 406 407 440 407 441 440 407 408 441 408 442 441 408 409 442 409 443 442 409 410 443 410 444 443 410 411 444 411 445 444 411 412 445 412 446 445 412 413 446 413 447 446 413 414 447 414 448 447 414 415 448 415 449 448 415 416 449 416 450 449 416 417 450 417 451 450 417 418 451 418 452 451 418 419 452 419 453 452 419 420 453 420 454 453 420 421 454 421 455 454 421 422 455 422 456 455 422 423 456 423 457 456 423 424 457 424 458 457 424 425 458 425 459 458 425 426 459 426 460 459 426 427 460 427 461 460 427 428 461 429 463 462 429 430 463 430 464 463 430 431 464 431 465 464 431 432 465 432 466 465 432 433 466 433 467 466 433 434 467 434 468 467 434 435 468 435 469 468 435 436 469 436 470 469 436 437 470 437 471 470 437 438 471 438 472 471 438 439 472 439 473 472 439 440 473 440 474 473 440 441 474 441 475 474 441 442 475 442 476 475 442 443 476 443 477 476 443 444 477 444 478 477 444 445 478 445 479 478 445 446 479 446 480 479 446 447 480 447 481 480 447 448 481 448 482 481 448 449 482 449 483 482 449 450 483 450 484 483 450 451 484 451 485 484 451 452 485 452 486 485 452 453 486 453 487 486 453 454 487 454 488 487 454 455 488 455 489 488 455 456 489 456 490 489 456 457 490 457 491 490 457 458 491 458 492 491 458 459 492 459 493 492 459 460 493 460 494 493 460 461 494 462 496 495 462 463 496 463 497 496 463 464 497 464 498 497 464 465 498 465 499 498 465 466 499 466 500 499 466 467 500 467 501 500 467 468 501 468 502 501 468 469 502 469 503 502 469 470 503 470 504 503 470 471 504 471 505 504 471 472 505 472 506 505 472 473 506 473 507 506 473 474 507 474 508 507 474 475 508 475 509 508 475 476 509 476 510 509 476 477 510 477 511 510 477 478 511 478 512 511 478 479 512 479 513 512 479 480 513 480 514 513 480 481 514 481 515 514 481 482 515 482 516 515 482 483 516 483 517 516 483 484 517 484 518 517 484 485 518 485 519 518 485 486 519 486 520 519 486 487 520 487 521 520 487 488 521 488 522 521 488 489 522 489 523 522 489 490 523 490 524 523 490 491 524 491 525 524 491 492 525 492 526 525 492 493 526 493 527 526 493 494 527 495 529 528 495 496 529 496 530 529 496 497 530 497 531 530 497 498 531 498 532 531 498 499 532 499 533 532 499 500 533 500 534 533 500 501 534 501 535 534 501 502 535 502 536 535 502 503 536 503 537 536 503 504 537 504 538 537 504 505 538 505 539 538 505 506 539 506 540 539 506 507 540 507 541 540 507 508 541 508 542 541 508 509 542 509 543 542 509 510 543 510 544 543 510 511 544 511 545 544 511 512 545 512 546 545 512 513 546 513 547 546 513 514 547 514 548 547 514 515 548 515 549 548 515 516 549 516 550 549 516 517 550 517 551 550 517 518 551 518 552 551 518 519 552 519 553 552 519 520 553 520 554 553 520 521 554 521 555 554 521 522 555 522 556 555 522 523 556 523 557 556 523 524 557 524 558 557 524 525 558 525 559 558 525 526 559 526 560 559 526 527 560 528 562 561 528 529 562 529 563 562 529 530 563 530 564 563 530 531 564 531 565 564 531 532 565 532 566 565 532 533 566 533 567 566 533 534 567 534 568 567 534 535 568 535 569 568 535 536 569 536 570 569 536 537 570 537 571 570 537 538 571 538 572 571 538 539 572 539 573 572 539 540 573 540 574 573 540 541 574 541 575 574 541 542 575 542 576 575 542 543 576 543 577 576 543 544 577 544 578 577 544 545 578 545 579 578 545 546 579 546 580 579 546 547 580 547 581 580 547 548 581 548 582 581 548 549 582 549 583 582 549 550 583 550 584 583 550 551 584 551 585 584 551 552 585 552 586 585 552 553 586 553 587 586 553 554 587 554 588 587 554 555 588 555 589 588 555 556 589 556 590 589 556 557 590 557 591 590 557 558 591 558 592 591 558 559 592 559 593 592 559 560 593 561 595 594 561 562 595 562 596 595 562 563 596 563 597 596 563 564 597 564 598 597 564 565 598 565 599 598 565 566 599 566 600 599 566 567 600 567 601 600 567 568 601 568 602 601 568 569 602 569 603 602 569 570 603 570 604 603 570 571 604 571 605 604 571 572 605 572 606 605 572 573 606 573 607 606 573 574 607 574 608 607 574 575 608 575 609 608 575 576 609 576 610 609 576 577 610 577 611 610 577 578 611 578 612 611 578 579 612 579 613 612 579 580 613 580 614 613 580 581 614 581 615 614 581 582 615 582 616 615 582 583 616 583 617 616 583 584 617 584 618 617 584 585 618 585 619 618 585 586 619 586 620 619 586 587 620 587 621 620 587 588 621 588 622 621 588 589 622 589 623 622 589 590 623 590 624 623 590 591 624 591 625 624 591 592 625 592 626 625 592 593 626 594 628 627 594 595 628 595 629 628 595 596 629 596 630 629 596 597 630 597 631 630 597 598 631 598 632 631 598 599 632 599 633 632 599 600 633 600 634 633 600 601 634 601 635 634 601 602 635 602 636 635 602 603 636 603 637 636 603 604 637 604 638 637 604 605 638 605 639 638 605 606 639 606 640 639 606 607 640 607 641 640 607 608 641 608 642 641 608 609 642 609 643 642 609 610 643 610 644 643 610 611 644 611 645 644 611 612 645 612 646 645 612 613 646 613 647 646 613 614 647 614 648 647 614 615 648 615 649 648 615 616 649 616 650 649 616 617 650 617 651 650 617 618 651 618 652 651 618 619 652 619 653 652 619 620 653 620 654 653 620 621 654 621 655 654 621 622 655 622 656 655 622 623 656 623 657 656 623 624 657 624 658 657 624 625 658 625 659 658 625 626 659 627 661 660 627 628 661 628 662 661 628 629 662 629 663 662 629 630 663 630 664 663 630 631 664 631 665 664 631 632 665 632 666 665 632 633 666 633 667 666 633 634 667 634 668 667 634 635 668 635 669 668 635 636 669 636 670 669 636 637 670 637 671 670 637 638 671 638 672 671 638 639 672 639 673 672 639 640 673 640 674 673 640 641 674 641 675 674 641 642 675 642 676 675 642 643 676 643 677 676 643 644 677 644 678 677 644 645 678 645 679 678 645 646 679 646 680 679 646 647 680 647 681 680 647 648 681 648 682 681 648 649 682 649 683 682 649 650 683 650 684 683 650 651 684 651 685 684 651 652 685 652 686 685 652 653 686 653 687 686 653 654 687 654 688 687 654 655 688 655 689 688 655 656 689 656 690 689 656 657 690 657 691 690 657 658 691 658 692 691 658 659 692 660 694 693 660 661 694 661 695 694 661 662 695 662 696 695 662 663 696 663 697 696 663 664 697 664 698 697 664 665 698 665 699 698 665 666 699 666 700 699 666 667 700 667 701 700 667 668 701 668 702 701 668 669 702 669 703 702 669 670 703 670 704 703 670 671 704 671 705 704 671 672 705 672 706 705 672 673 706 673 707 706 673 674 707 674 708 707 674 675 708 675 709 708 675 676 709 676 710 709 676 677 710 677 711 710 677 678 711 678 712 711 678 679 712 679 713 712 679 680 713 680 714 713 680 681 714 681 715 714 681 682 715 682 716 715 682 683 716 683 717 716 683 684 717 684 718 717 684 685 718 685 719 718 685 686 719 686 720 719 686 687 720 687 721 720 687 688 721 688 722 721 688 689 722 689 723 722 689 690 723 690 724 723 690 691 724 691 725 724 691 692 725 693 727 726 693 694 727 694 728 727 694 695 728 695 729 728 695 696 729 696 730 729 696 697 730 697 731 730 697 698 731 698 732 731 698 699 732 699 733 732 699 700 733 700 734 733 700 701 734 701 735 734 701 702 735 702 736 735 702 703 736 703 737 736 703 704 737 704 738 737 704 705 738 705 739 738 705 706 739 706 740 739 706 707 740 707 741 740 707 708 741 708 742 741 708 709 742 709 743 742 709 710 743 710 744 743 710 711 744 711 745 744 711 712 745 712 746 745 712 713 746 713 747 746 713 714 747 714 748 747 714 715 748 715 749 748 715 716 749 716 750 749 716 717 750 717 751 750 717 718 751 718 752 751 718 719 752 719 753 752 719 720 753 720 754 753 720 721 754 721 755 754 721 722 755 722 756 755 722 723 756 723 757 756 723 724 757 724 758 757 724 725 758 726 760 759 726 727 760 727 761 760 727 728 761 728 762 761 728 729 762 729 763 762 729 730 763 730 764 763 730 731 764 731 765 764 731 732 765 732 766 765 732 733 766 733 767 766 733 734 767 734 768 767 734 735 768 735 769 768 735 736 769 736 770 769 736 737 770 737 771 770 737 738 771 738 772 771 738 739 772 739 773 772 739 740 773 740 774 773 740 741 774 741 775 774 741 742 775 742 776 775 742 743 776 743 777 776 743 744 777 744 778 777 744 745 778 745 779 778 745 746 779 746 780 779 746 747 780 747 781 780 747 748 781 748 782 781 748 749 782 749 783 782 749 750 783 750 784 783 750 751 784 751 785 784 751 752 785 752 786 785 752 753 786 753 787 786 753 754 787 754 788 787 754 755 788 755 789 788 755 756 789 756 790 789 756 757 790 757 791 790 757 758 791 759 793 792 759 760 793 760 794 793 760 761 794 761 795 794 761 762 795 762 796 795 762 763 796 763 797 796 763 764 797 764 798 797 764 765 798 765 799 798 765 766 799 766 800 799 766 767 800 767 801 800 767 768 801 768 802 801 768 769 802 769 803 802 769 770 803 770 804 803 770 771 804 771 805 804 771 772 805 772 806 805 772 773 806 773 807 806 773 774 807 774 808 807 774 775 808 775 809 808 775 776 809 776 810 809 776 777 810 777 811 810 777 778 811 778 812 811 778 779 812 779 813 812 779 780 813 780 814 813 780 781 814 781 815 814 781 782 815 782 816 815 782 783 816 783 817 816 783 784 817 784 818 817 784 785 818 785 819 818 785 786 819 786 820 819 786 787 820 787 821 820 787 788 821 788 822 821 788 789 822 789 823 822 789 790 823 790 824 823 790 791 824 792 826 825 792 793 826 793 827 826 793 794 827 794 828 827 794 795 828 795 829 828 795 796 829 796 830 829 796 797 830 797 831 830 797 798 831 798 832 831 798 799 832 799 833 832 799 800 833 800 834 833 800 801 834 801 835 834 801 802 835 802 836 835 802 803 836 803 837 836 803 804 837 804 838 837 804 805 838 805 839 838 805 806 839 806 840 839 806 807 840 807 841 840 807 808 841 808 842 841 808 809 842 809 843 842 809 810 843 810 844 843 810 811 844 811 845 844 811 812 845 812 846 845 812 813 846 813 847 846 813 814 847 814 848 847 814 815 848 815 849 848 815 816 849 816 850 849 816 817 850 817 851 850 817 818 851 818 852 851 818 819 852 819 853 852 819 820 853 820 854 853 820 821 854 821 855 854 821 822 855 822 856 855 822 823 856 823 857 856 823 824 857 825 859 858 825 826 859 826 860 859 826 827 860 827 861 860 827 828 861 828 862 861 828 829 862 829 863 862 829 830 863 830 864 863 830 831 864 831 865 864 831 832 865 832 866 865 832 833 866 833 867 866 833 834 867 834 868 867 834 835 868 835 869 868 835 836 869 836 870 869 836 837 870 837 871 870 837 838 871 838 872 871 838 839 872 839 873 872 839 840 873 840 874 873 840 841 874 841 875 874 841 842 875 842 876 875 842 843 876 843 877 876 843 844 877 844 878 877 844 845 878 845 879 878 845 846 879 846 880 879 846 847 880 847 881 880 847 848 881 848 882 881 848 849 882 849 883 882 849 850 883 850 884 883 850 851 884 851 885 884 851 852 885 852 886 885 852 853 886 853 887 886 853 854 887 854 888 887 854 855 888 855 889 888 855 856 889 856 890 889 856 857 890 858 892 891 858 859 892 859 893 892 859 860 893 860 894 893 860 861 894 861 895 894 861 862 895 862 896 895 862 863 896 863 897 896 863 864 897 864 898 897 864 865 898 865 899 898 865 866 899 866 900 899 866 867 900 867 901 900 867 868 901 868 902 901 868 869 902 869 903 902 869 870 903 870 904 903 870 871 904 871 905 904 871 872 905 872 906 905 872 873 906 873 907 906 873 874 907 874 908 907 874 875 908 875 909 908 875 876 909 876 910 909 876 877 910 877 911 910 877 878 911 878 912 911 878 879 912 879 913 912 879 880 913 880 914 913 880 881 914 881 915 914 881 882 915 882 916 915 882 883 916 883 917 916 883 884 917 884 918 917 884 885 918 885 919 918 885 886 919 886 920 919 886 887 920 887 921 920 887 888 921 888 922 921 888 889 922 889 923 922 889 890 923 891 925 924 891 892 925 892 926 925 892 893 926 893 927 926 893 894 927 894 928 927 894 895 928 895 929 928 895 896 929 896 930 929 896 897 930 897 931 930 897 898 931 898 932 931 898 899 932 899 933 932 899 900 933 900 934 933 900 901 934 901 935 934 901 902 935 902 936 935 902 903 936 903 937 936 903 904 937 904 938 937 904 905 938 905 939 938 905 906 939 906 940 939 906 907 940 907 941 940 907 908 941 908 942 941 908 909 942 909 943 942 909 910 943 910 944 943 910 911 944 911 945 944 911 912 945 912 946 945 912 913 946 913 947 946 913 914 947 914 948 947 914 915 948 915 949 948 915 916 949 916 950 949 916 917 950 917 951 950 917 918 951 918 952 951 918 919 952 919 953 952 919 920 953 920 954 953 920 921 954 921 955 954 921 922 955 922 956 955 922 923 956 924 958 957 924 925 958 925 959 958 925 926 959 926 960 959 926 927 960 927 961 960 927 928 961 928 962 961 928 929 962 929 963 962 929 930 963 930 964 963 930 931 964 931 965 964 931 932 965 932 966 965 932 933 966 933 967 966 933 934 967 934 968 967 934 935 968 935 969 968 935 936 969 936 970 969 936 937 970 937 971 970 937 938 971 938 972 971 938 939 972 939 973 972 939 940 973 940 974 973 940 941 974 941 975 974 941 942 975 942 976 975 942 943 976 943 977 976 943 944 977 944 978 977 944 945 978 945 979 978 945 946 979 946 980 979 946 947 980 947 981 980 947 948 981 948 982 981 948 949 982 949 983 982 949 950 983 950 984 983 950 951 984 951 985 984 951 952 985 952 986 985 952 953 986 953 987 986 953 954 987 954 988 987 954 955 988 955 989 988 955 956 989 957 991 990 957 958 991 958 992 991 958 959 992 959 993 992 959 960 993 960 994 993 960 961 994 961 995 994 961 962 995 962 996 995 962 963 996 963 997 996 963 964 997 964 998 997 964 965 998 965 999 998 965 966 999 966 1000 999 966 967 1000 967 1001 1000 967 968 1001 968 1002 1001 968 969 1002 969 1003 1002 969 970 1003 970 1004 1003 970 971 1004 971 1005 1004 971 972 1005 972 1006 1005 972 973 1006 973 1007 1006 973 974 1007 974 1008 1007 974 975 1008 975 1009 1008 975 976 1009 976 1010 1009 976 977 1010 977 1011 1010 977 978 1011 978 1012 1011 978 979 1012 979 1013 1012 979 980 1013 980 1014 1013 980 981 1014 981 1015 1014 981 982 1015 982 1016 1015 982 983 1016 983 1017 1016 983 984 1017 984 1018 1017 984 985 1018 985 1019 1018 985 986 1019 986 1020 1019 986 987 1020 987 1021 1020 987 988 1021 988 1022 1021 988 989 1022 990 1024 1023 990 991 1024 991 1025 1024 991 992 1025 992 1026 1025 992 993 1026 993 1027 1026 993 994 1027 994 1028 1027 994 995 1028 995 1029 1028 995 996 1029 996 1030 1029 996 997 1030 997 1031 1030 997 998 1031 998 1032 1031 998 999 1032 999 1033 1032 999 1000 1033 1000 1034 1033 1000 1001 1034 1001 1035 1034 1001 1002 1035 1002 1036 1035 1002 1003 1036 1003 1037 1036 1003 1004 1037 1004 1038 1037 1004 1005 1038 1005 1039 1038 1005 1006 1039 1006 1040 1039 1006 1007 1040 1007 1041 1040 1007 1008 1041 1008 1042 1041 1008 1009 1042 1009 1043 1042 1009 1010 1043 1010 1044 1043 1010 1011 1044 1011 1045 1044 1011 1012 1045 1012 1046 1045 1012 1013 1046 1013 1047 1046 1013 1014 1047 1014 1048 1047 1014 1015 1048 1015 1049 1048 1015 1016 1049 1016 1050 1049 1016 1017 1050 1017 1051 1050 1017 1018 1051 1018 1052 1051 1018 1019 1052 1019 1053 1052 1019 1020 1053 1020 1054 1053 1020 1021 1054 1021 1055 1054 1021 1022 1055 1023 1057 1056 1023 1024 1057 1024 1058 1057 1024 1025 1058 1025 1059 1058 1025 1026 1059 1026 1060 1059 1026 1027 1060 1027 1061 1060 1027 1028 1061 1028 1062 1061 1028 1029 1062 1029 1063 1062 1029 1030 1063 1030 1064 1063 1030 1031 1064 1031 1065 1064 1031 1032 1065 1032 1066 1065 1032 1033 1066 1033 1067 1066 1033 1034 1067 1034 1068 1067 1034 1035 1068 1035 1069 1068 1035 1036 1069 1036 1070 1069 1036 1037 1070 1037 1071 1070 1037 1038 1071 1038 1072 1071 1038 1039 1072 1039 1073 1072 1039 1040 1073 1040 1074 1073 1040 1041 1074 1041 1075 1074 1041 1042 1075 1042 1076 1075 1042 1043 1076 1043 1077 1076 1043 1044 1077 1044 1078 1077 1044 1045 1078 1045 1079 1078 1045 1046 1079 1046 1080 1079 1046 1047 1080 1047 1081 1080 1047 1048 1081 1048 1082 1081 1048 1049 1082 1049 1083 1082 1049 1050 1083 1050 1084 1083 1050 1051 1084 1051 1085 1084 1051 1052 1085 1052 1086 1085 1052 1053 1086 1053 1087 1086 1053 1054 1087 1054 1088 1087 1054 1055 1088</p>
				</polylist>
			</mesh>
		</geometry>
	</library_geometries>
	<library_effects>
		<effect id="Material0-fx">
			<profile_COMMON>
				<technique sid="common">
					<phong>
						<diffuse>
							<color sid="diffuse">1 1 1 1</color>
						</diffuse>
						<transparency>
							<float>1</float>
						</transparency>
					</phong>
				</technique>
			</profile_COMMON>
		</effect>
	</library_effects>
	<library_materials>
		<material id="Material0-material">
			<instance_effect url="#Material0-fx"/>
		</material>
	</library_materials>
	<library_visual_scenes>
		<visual_scene id="Scene" name="Scene">
			<node id="prim0" name="prim0">
				<matrix>-1.59963 0 -9.65985e-08 0 0 1.59963 0 0 2.41537e-07 0 -0.639743 0 0 0 0 1</matrix>
				<instance_geometry url="#prim0-mesh">
					<bind_material>
						<technique_common>
							<instance_material symbol="Material0-material" target="#Material0-material"/>
						</technique_common>
					</bind_material>
				</instance_geometry>
			</node>
		</visual_scene>
	</library_visual_scenes>
	<scene>
		<instance_visual_scene url="#Scene"/>
	</scene>
</COLLADA>
